node_id,title,year,doi,doi_url,ledger_pdf_status,ledger_last_status,local_status,local_path,local_sha256,local_page_count,local_identity_status,public_access_class,public_source,public_source_url,public_license,credentials_required,credential_priority,reason,action,alternate_full_text_notes,checked_date
doi:10.1007/s00221-004-2212-7,Spatial auditory attention is modulated by tactile priming.,2005,10.1007/s00221-004-2212-7,https://doi.org/10.1007/s00221-004-2212-7,needs_user_download,not_pdf,no_valid_local_main_pdf,artifacts/paper_metadata_audit/publication_pdfs/doi_10.1007_s00221-004-2212-7__f81c845ec0e5.pdf,,0,not_checked,publisher_or_abstract_only,Springer DOI landing page and PubMed abstract,https://pubmed.ncbi.nlm.nih.gov/15726341/,not_established,yes,low,No anonymous exact full text was found; the acquisition routes returned publisher HTML instead of the article PDF.,Use institutional access at the DOI and save the main article PDF to the listed local path.,"The abstract describes a non-looming tactile-prime/MEG task, so this is lower priority than the direct PPS emulation papers.",2026-08-12
doi:10.1007/s00221-005-2393-8,Audiotactile interactions in near and far space,2005,10.1007/s00221-005-2393-8,https://doi.org/10.1007/s00221-005-2393-8,needs_user_download,not_pdf,no_valid_local_main_pdf,artifacts/paper_metadata_audit/publication_pdfs/doi_10.1007_s00221-005-2393-8__ca869e164ded.pdf,,0,not_checked,publisher_or_abstract_only,Springer DOI landing page; repository record restricts the publisher PDF,https://doi.org/10.1007/s00221-005-2393-8,not_established,yes,critical,The exact empirical article remains absent locally and no anonymous main-paper PDF is currently usable.,Download the exact publisher PDF through institutional access for near/far stimulus and trial-structure extraction.,"A later review discusses the study, but it is not a substitute for its complete methods.",2026-08-12
doi:10.1007/s00221-013-3532-2,Tool-use reshapes the boundaries of body and peripersonal space representations.,2013,10.1007/s00221-013-3532-2,https://doi.org/10.1007/s00221-013-3532-2,downloaded,existing_valid_pdf,validated_local_main_pdf,artifacts/paper_metadata_audit/publication_pdfs/doi_10.1007_s00221-013-3532-2__299a1419d7a1.pdf,645a1078c33a894af57ef0df51eceae3df92114680dcdeb3e2fe5471207fffa3,18,doi_and_title_match,valid_local_pdf,pre-existing validated local artifact,,not_established,no,none,"An identity-verified, structurally valid main-article PDF is present locally.",Use the validated local PDF for parameter extraction; review license terms before redistribution.,Expected DOI and 100% of distinctive title tokens matched PDF metadata/first pages.,2026-08-12
doi:10.1007/s00221-013-3574-5,Audiotactile interactions beyond the space and body parts around the head,2013,10.1007/s00221-013-3574-5,https://doi.org/10.1007/s00221-013-3574-5,needs_user_download,not_pdf,no_valid_local_main_pdf,artifacts/paper_metadata_audit/publication_pdfs/doi_10.1007_s00221-013-3574-5__55f25aba43de.pdf,,0,not_checked,candidate_or_blocked_route,Kyoto author-page PDF indexed publicly but now returning 404,https://www.gsais.kyoto-u.ac.jp/staff/sekiyama/research_paper/Teramoto_Nozoe_2013_EBR.pdf,not_established,yes,medium,"An exact author copy is search-indexed, but the live file is stale and no valid local PDF was recovered.","Use institutional access at the DOI, or obtain an author copy, and save the exact article PDF locally.","ResearchGate indexes an author-uploaded full text, but no stable anonymous direct PDF route was verified.",2026-08-12
doi:10.1007/s00221-017-5158-2,Anisotropy of lateral peripersonal space is linked to handedness.,2018,10.1007/s00221-017-5158-2,https://doi.org/10.1007/s00221-017-5158-2,needs_user_download,not_pdf,no_valid_local_main_pdf,artifacts/paper_metadata_audit/publication_pdfs/doi_10.1007_s00221-017-5158-2__4159d69cf9d4.pdf,,0,not_checked,candidate_or_blocked_route,Publisher record and ResearchGate author-content page,https://doi.org/10.1007/s00221-017-5158-2,not_established,yes,high,The exact lateral-trajectory empirical paper is not local and no stable anonymous PDF route was verified.,Download the exact publisher PDF through institutional access for lateral geometry and handedness-condition extraction.,"Search indexes an author full text on ResearchGate, but it is not a stable anonymous source route.",2026-08-12
doi:10.1007/s00221-019-05469-3,Enhanced audio-tactile multisensory interaction in a peripersonal task after echolocation.,2019,10.1007/s00221-019-05469-3,https://doi.org/10.1007/s00221-019-05469-3,downloaded,existing_valid_pdf,validated_local_main_pdf,artifacts/paper_metadata_audit/publication_pdfs/doi_10.1007_s00221-019-05469-3__b825f4a22517.pdf,5ff5cf36374a5e01f03c21efd7b2cc757b2016a46fa2b77a817ff7db18b76179,10,doi_and_title_match,valid_local_pdf,pre-existing validated local artifact,,not_established,no,none,"An identity-verified, structurally valid main-article PDF is present locally.",Use the validated local PDF for parameter extraction; review license terms before redistribution.,Expected DOI and 100% of distinctive title tokens matched PDF metadata/first pages.,2026-08-12
doi:10.1007/s00221-020-05771-5,Do sounds near the hand facilitate tactile reaction times? Four experiments and a meta-analysis provide mixed support and suggest a small effect size.,2020,10.1007/s00221-020-05771-5,https://doi.org/10.1007/s00221-020-05771-5,downloaded,existing_valid_pdf,validated_local_main_pdf,artifacts/paper_metadata_audit/publication_pdfs/doi_10.1007_s00221-020-05771-5__45ba48c3a23a.pdf,5b92fd2f2a9f6c0469adccf83a463bf6b2c0a37ac400c9daf60d726ba09fd7a0,15,doi_and_title_match,valid_local_pdf,pre-existing validated local artifact,,not_established,no,none,"An identity-verified, structurally valid main-article PDF is present locally.",Use the validated local PDF for parameter extraction; review license terms before redistribution.,Expected DOI and 100% of distinctive title tokens matched PDF metadata/first pages.,2026-08-12
doi:10.1007/s00221-024-06782-2,Comparison of peripersonal space in front and rear spaces.,2024,10.1007/s00221-024-06782-2,https://doi.org/10.1007/s00221-024-06782-2,downloaded,existing_valid_pdf,validated_local_main_pdf,artifacts/paper_metadata_audit/publication_pdfs/doi_10.1007_s00221-024-06782-2__e053c775a82b.pdf,6293966df207656e61d929ebbd36ff6458c5e8c68f6439e48bfadb40c591a564,35,title_match,valid_local_pdf,curated_override:institutional_repository_pdf,https://muroran-it.repo.nii.ac.jp/record/2000223/files/Comparison%20of%20peripersonal%20space%20in%20front%20and%20rear%20spaces.pdf,not_established,no,none,"An identity-verified, structurally valid main-article PDF is present locally.",Use the validated local PDF for parameter extraction; review license terms before redistribution.,100% of distinctive title tokens matched PDF metadata/first pages.,2026-08-12
doi:10.1007/s00426-020-01365-6,Does musical interaction in a jazz duet modulate peripersonal space?,2021,10.1007/s00426-020-01365-6,https://doi.org/10.1007/s00426-020-01365-6,needs_user_download,landing_metadata_checked,no_valid_local_main_pdf,artifacts/paper_metadata_audit/publication_pdfs/doi_10.1007_s00426-020-01365-6__a87fadae9beb.pdf,,0,not_checked,associated_or_alternate_full_text,"Dell'Anna doctoral thesis, Chapter 3",https://iris.unito.it/retrieve/0646df23-26ac-40f3-ab29-706b10c4a92e/DellannaPhD2Thesis.pdf,not_established,no,none,"The published PDF is not local, but the public doctoral thesis reproduces the study as a full chapter suitable for method extraction.",Use and cite the thesis chapter as alternate full-text evidence; request the version of record only if publication-specific differences arise.,The chapter is explicitly titled with the publication title and contains the study methods and results.,2026-08-12
doi:10.1007/s10548-021-00826-4,Slow Resting State Fluctuations Enhance Neuronal and Behavioral Responses to Looming Sounds,2021,10.1007/s10548-021-00826-4,https://doi.org/10.1007/s10548-021-00826-4,needs_user_download,landing_metadata_checked,no_valid_local_main_pdf,artifacts/paper_metadata_audit/publication_pdfs/doi_10.1007_s10548-021-00826-4__cbca03d87b2c.pdf,,0,not_checked,publisher_or_abstract_only,Springer DOI landing page and PubMed abstract,https://pubmed.ncbi.nlm.nih.gov/33768383/,exclusive_publisher_license,yes,medium,Only bibliographic/abstract access was verified; the empirical EEG and audio-tactile methods are not available in a usable public full text.,Download the exact publisher PDF through institutional access.,The abstract identifies looming and flat sounds but does not expose the full replication parameters.,2026-08-12
doi:10.1016/j.actpsy.2004.10.017,Audiotactile temporal order judgments.,2005,10.1016/j.actpsy.2004.10.017,https://doi.org/10.1016/j.actpsy.2004.10.017,needs_user_download,landing_metadata_checked,no_valid_local_main_pdf,artifacts/paper_metadata_audit/publication_pdfs/doi_10.1016_j.actpsy.2004.10.017__81bdea5319d4.pdf,,0,not_checked,publisher_or_abstract_only,Oxford University Research Archive metadata/abstract record,https://ora.ox.ac.uk/objects/uuid:0841347a-1bbb-433b-a5db-a98f7adcec19,not_established,yes,low,"The repository exposes the abstract but no article file, and the publisher PDF is not local.","Use institutional access if exact SOA, repetition, and stimulus details are needed for the broader audiotactile design library.","This temporal-order-judgment paper is adjacent to, rather than a direct looming-PPS protocol.",2026-08-12
doi:10.1016/j.actpsy.2011.01.003,Performance in haptic geometrical matching tasks depends on movement and position of the arms.,2011,10.1016/j.actpsy.2011.01.003,https://doi.org/10.1016/j.actpsy.2011.01.003,needs_user_download,landing_metadata_checked,no_valid_local_main_pdf,artifacts/paper_metadata_audit/publication_pdfs/doi_10.1016_j.actpsy.2011.01.003__be2d3c73a9cd.pdf,,0,not_checked,abstract_or_scope_adjacent,ScienceDirect abstract and section preview,https://doi.org/10.1016/j.actpsy.2011.01.003,not_established,no,none,"No public main PDF was found, but the paper is a haptic geometrical-matching study rather than an audio-tactile PPS experiment.",Keep in the 94-node network inventory; do not spend credentials unless the scientific scope is broadened to haptic reference-frame tasks.,The publisher preview describes four haptic/acoustic matching experiments but no PPS-replicator protocol.,2026-08-12
doi:10.1016/j.bodyim.2024.101777,The impact of body image on social cognition: Fear of negative evaluation mediates the relationship between body surveillance and interpersonal distance in women.,2024,10.1016/j.bodyim.2024.101777,https://doi.org/10.1016/j.bodyim.2024.101777,needs_user_download,landing_metadata_checked,no_valid_local_main_pdf,artifacts/paper_metadata_audit/publication_pdfs/doi_10.1016_j.bodyim.2024.101777__1c7bb2c52c8a.pdf,,0,not_checked,public_full_text_non_pdf,Anglia Ruskin University Figshare manuscript DOCX,https://ndownloader.figshare.com/files/47954698,not_established,no,none,"The main PDF is not local, but a complete public manuscript is available as DOCX.",Use the public DOCX for parameter review; request the version-of-record PDF only if pagination-specific verification is necessary.,The Figshare article record matches the DOI and title.,2026-08-12
doi:10.1016/j.cognition.2015.07.012,Peripersonal space as the space of the bodily self.,2015,10.1016/j.cognition.2015.07.012,https://doi.org/10.1016/j.cognition.2015.07.012,downloaded,downloaded,validated_local_main_pdf,artifacts/paper_metadata_audit/publication_pdfs/doi_10.1016_j.cognition.2015.07.012__50e8ca8d3a14.pdf,8e9807a4219fabcbf3bf02a4338fbd3605d8616cf523105c7ac5b59278415f92,9,doi_and_title_match,valid_local_pdf,curated_override:author_lab_pdf,https://noel-lab.org/wp-content/uploads/2024/05/noet-et-al-cognition-2015.pdf,not_established,no,none,"An identity-verified, structurally valid main-article PDF is present locally.",Use the validated local PDF for parameter extraction; review license terms before redistribution.,Expected DOI and 100% of distinctive title tokens matched PDF metadata/first pages.,2026-08-12
doi:10.1016/j.cognition.2018.04.001,Interoceptive influences on peripersonal space boundary.,2018,10.1016/j.cognition.2018.04.001,https://doi.org/10.1016/j.cognition.2018.04.001,needs_user_download,landing_metadata_checked,no_valid_local_main_pdf,artifacts/paper_metadata_audit/publication_pdfs/doi_10.1016_j.cognition.2018.04.001__d22614ddfd93.pdf,,0,not_checked,public_pdf_verified_not_local,University of Chieti-Pescara accepted-manuscript PDF,https://ricerca.unich.it/bitstream/11564/704960/4/COGNIT-D-17-00621R1-12-34.pdf,not_established,no,none,"An exact institutional manuscript is publicly indexed, but this environment receives HTTP 403 and could not store it locally.",Retry in a normal browser or ask the repository for its public file; institutional subscription credentials are not intrinsically required.,Search-indexed first-page text matches the exact title and manuscript.,2026-08-12
doi:10.1016/j.cortex.2017.08.033,Social perception of others shapes one's own multisensory peripersonal space.,2018,10.1016/j.cortex.2017.08.033,https://doi.org/10.1016/j.cortex.2017.08.033,needs_user_download,landing_metadata_checked,no_valid_local_main_pdf,artifacts/paper_metadata_audit/publication_pdfs/doi_10.1016_j.cortex.2017.08.033__ec78380fdc02.pdf,,0,not_checked,publisher_or_abstract_only,ScienceDirect preview and EPFL metadata record without an original-file bitstream,https://infoscience.epfl.ch/entities/publication/5a80c6c8-8694-4e2e-80a1-efb47165254c,not_established,yes,high,"No anonymous exact manuscript/PDF file is exposed by the repository or publisher, and the mixed-reality study is not local.",Download the exact publisher PDF through institutional access.,"EPFL confirms the DOI and record availability date but currently exposes only a license bundle, not the article file.",2026-08-12
doi:10.1016/j.cortex.2020.11.021,How ageing shapes body and space representations: A comparison study between healthy young and older adults.,2021,10.1016/j.cortex.2020.11.021,https://doi.org/10.1016/j.cortex.2020.11.021,downloaded,existing_valid_pdf,validated_local_main_pdf,artifacts/paper_metadata_audit/publication_pdfs/doi_10.1016_j.cortex.2020.11.021__cf9743199b72.pdf,05996a24c72b639c498a0cdf4f879030064361d739e79137f13a41570ac39ec7,21,doi_and_title_match,valid_local_pdf,pre-existing validated local artifact,,not_established,no,none,"An identity-verified, structurally valid main-article PDF is present locally.",Use the validated local PDF for parameter extraction; review license terms before redistribution.,Expected DOI and 100% of distinctive title tokens matched PDF metadata/first pages.,2026-08-12
doi:10.1016/j.cortex.2021.08.004,Seeming confines: Electrophysiological evidence of peripersonal space remapping following tool-use in humans.,2021,10.1016/j.cortex.2021.08.004,https://doi.org/10.1016/j.cortex.2021.08.004,needs_user_download,landing_metadata_checked,no_valid_local_main_pdf,artifacts/paper_metadata_audit/publication_pdfs/doi_10.1016_j.cortex.2021.08.004__9420693698dd.pdf,,0,not_checked,public_pdf_verified_not_local,University of Turin open-access author manuscript,https://iris.unito.it/retrieve/b89b0a5e-9c83-4590-899d-ea49e5a68efd/Seeming%20confines.pdf,open_access_terms_rights_not_further_established,no,none,"The exact 42-page author manuscript is publicly readable and DOI-matched, but automated retrieval is blocked by repository HTTP 403.",Download the public postprint in a normal browser or retry the repository route; do not use subscription credentials merely for access.,The repository cover labels the file Open Access and identifies the exact DOI.,2026-08-12
doi:10.1016/j.cortex.2025.11.015,Functional organization of distance-dependent audio-tactile integration is different in rear and front spaces.,2026,10.1016/j.cortex.2025.11.015,https://doi.org/10.1016/j.cortex.2025.11.015,needs_user_download,landing_metadata_checked,no_valid_local_main_pdf,artifacts/paper_metadata_audit/publication_pdfs/doi_10.1016_j.cortex.2025.11.015__a277dadc141e.pdf,,0,not_checked,public_full_html,ScienceDirect full article HTML,https://www.sciencedirect.com/science/article/pii/S0010945225003119,publisher_terms_not_further_established,no,none,"The PDF was not retrieved, but the publisher exposes the article content in full HTML for method review.",Extract parameters from the publisher HTML and figures; retry PDF acquisition only for archival convenience.,The full HTML includes the experimental interpretation and methods-linked content for the front/rear design.,2026-08-12
doi:10.1016/j.cub.2013.01.043,Social modulation of peripersonal space boundaries.,2013,10.1016/j.cub.2013.01.043,https://doi.org/10.1016/j.cub.2013.01.043,downloaded,existing_valid_pdf,validated_local_main_pdf,artifacts/paper_metadata_audit/publication_pdfs/doi_10.1016_j.cub.2013.01.043__105d921e527a.pdf,c3380705461f5f7ca74a7e298dad26e15610353c3e6a6253865ca42d008a0b43,6,doi_and_title_match,valid_local_pdf,pre-existing validated local artifact,,not_established,no,none,"An identity-verified, structurally valid main-article PDF is present locally.",Use the validated local PDF for parameter extraction; review license terms before redistribution.,Expected DOI and 100% of distinctive title tokens matched PDF metadata/first pages.,2026-08-12
doi:10.1016/j.jneumeth.2019.108534,Capturing the dynamics of peripersonal space by integrating expectancy effects and sound propagation properties.,2019,10.1016/j.jneumeth.2019.108534,https://doi.org/10.1016/j.jneumeth.2019.108534,downloaded,existing_valid_pdf,validated_local_main_pdf,artifacts/paper_metadata_audit/publication_pdfs/doi_10.1016_j.jneumeth.2019.108534__bf25728d3f5d.pdf,ba016c6d5bcf232504e54f51332c028e615a2356c5b5f37a1ef7f285f5c86483,17,title_match,valid_local_pdf,pre-existing validated local artifact,,not_established,no,none,"An identity-verified, structurally valid main-article PDF is present locally.",Use the validated local PDF for parameter extraction; review license terms before redistribution.,100% of distinctive title tokens matched PDF metadata/first pages.,2026-08-12
doi:10.1016/j.neuroimage.2012.06.063,Suppression of premotor cortex disrupts motor coding of peripersonal space.,2012,10.1016/j.neuroimage.2012.06.063,https://doi.org/10.1016/j.neuroimage.2012.06.063,needs_user_download,landing_metadata_checked,no_valid_local_main_pdf,artifacts/paper_metadata_audit/publication_pdfs/doi_10.1016_j.neuroimage.2012.06.063__9cb08d5e9b50.pdf,,0,not_checked,associated_or_alternate_full_text,University of Bologna doctoral thesis reproducing the paper as a chapter,https://amsdottorato.unibo.it/id/eprint/5081/1/Annella_Laura_Tesi.pdf,not_established,no,none,"The version-of-record PDF is not local, but a public thesis contains the complete paper chapter and methods.",Use the DOI-identified thesis chapter as alternate evidence; request the journal PDF only if discrepancies appear.,The thesis chapter reproduces the article rather than merely citing it.,2026-08-12
doi:10.1016/j.neuropsychologia.2006.12.004,Auditory-somatosensory multisensory interactions in front and rear space.,2007,10.1016/j.neuropsychologia.2006.12.004,https://doi.org/10.1016/j.neuropsychologia.2006.12.004,needs_user_download,landing_metadata_checked,no_valid_local_main_pdf,artifacts/paper_metadata_audit/publication_pdfs/doi_10.1016_j.neuropsychologia.2006.12.004__56feae1304e8.pdf,,0,not_checked,publisher_or_abstract_only,Oxford University Research Archive abstract record,https://ora.ox.ac.uk/objects/uuid:023d5b51-8aff-4156-b893-e83c6e21b679,not_established,yes,high,The repository provides only an abstract and the exact front/rear empirical article is not local.,Download the exact publisher PDF through institutional access for front/rear apparatus and trial extraction.,The abstract gives the eight broad stimulus conditions but not a complete replication protocol.,2026-08-12
doi:10.1016/j.neuropsychologia.2008.07.025,Auditory-somatosensory multisensory interactions are spatially modulated by stimulated body surface and acoustic spectra.,2009,10.1016/j.neuropsychologia.2008.07.025,https://doi.org/10.1016/j.neuropsychologia.2008.07.025,needs_user_download,http_403,no_valid_local_main_pdf,artifacts/paper_metadata_audit/publication_pdfs/doi_10.1016_j.neuropsychologia.2008.07.025__51511e60fa48.pdf,,0,not_checked,public_pdf_verified_not_local,University of Trento institutional PDF,https://iris.unitn.it/bitstream/11572/86812/1/Tajadura%20et%20al.%20Neuropsychologia%202009.pdf,not_established,no,none,"The exact institutional PDF is publicly indexed, but both its file and handle routes returned HTTP 403 to the acquisition environment.",Retry the public repository in a normal browser; subscription credentials are not intrinsically required.,The indexed filename and first-page text identify the exact publication.,2026-08-12
doi:10.1016/j.neuropsychologia.2009.07.025,Early visual deprivation alters multisensory processing in peripersonal space.,2009,10.1016/j.neuropsychologia.2009.07.025,https://doi.org/10.1016/j.neuropsychologia.2009.07.025,downloaded,existing_valid_pdf,validated_local_main_pdf,artifacts/paper_metadata_audit/publication_pdfs/doi_10.1016_j.neuropsychologia.2009.07.025__03110f35c06e.pdf,f9fdc5559c89960831816262f1086ecd41b2b25947c7a95f502b70e21e4bcf35,8,doi_and_title_match,valid_local_pdf,curated_override:institutional_author_lab_pdf,https://r.unitn.it/filesresearch/images/common/CPP-Lab/10collignonneuropsy09.pdf,not_established,no,none,"An identity-verified, structurally valid main-article PDF is present locally.",Use the validated local PDF for parameter extraction; review license terms before redistribution.,Expected DOI and 100% of distinctive title tokens matched PDF metadata/first pages.,2026-08-12
doi:10.1016/j.neuropsychologia.2009.11.009,Everyday use of the computer mouse extends peripersonal space representation.,2010,10.1016/j.neuropsychologia.2009.11.009,https://doi.org/10.1016/j.neuropsychologia.2009.11.009,needs_user_download,landing_metadata_checked,no_valid_local_main_pdf,artifacts/paper_metadata_audit/publication_pdfs/doi_10.1016_j.neuropsychologia.2009.11.009__960f5f430cc3.pdf,,0,not_checked,publisher_or_abstract_only,ScienceDirect full preview and ResearchGate author-content page,https://doi.org/10.1016/j.neuropsychologia.2009.11.009,not_established,yes,critical,The exact two-experiment mouse-use paper remains absent locally and has no stable anonymous PDF route.,Download the exact publisher PDF through institutional access.,"Search indexes author-provided content, but the stable public route is not directly retrievable.",2026-08-12
doi:10.1016/j.neuropsychologia.2014.08.030,Full body action remapping of peripersonal space: the case of walking.,2015,10.1016/j.neuropsychologia.2014.08.030,https://doi.org/10.1016/j.neuropsychologia.2014.08.030,downloaded,existing_valid_pdf,validated_local_main_pdf,artifacts/paper_metadata_audit/publication_pdfs/doi_10.1016_j.neuropsychologia.2014.08.030__99797d32c149.pdf,17f425375936e9eed93236730cc9e107a75cd55bb55d6f31d2c22df48efdfc3a,10,doi_and_title_match,valid_local_pdf,curated_override:author_lab_pdf,https://noel-lab.org/wp-content/uploads/2024/05/nsy_5279_pps-walking.pdf,not_established,no,none,"An identity-verified, structurally valid main-article PDF is present locally.",Use the validated local PDF for parameter extraction; review license terms before redistribution.,Expected DOI and 100% of distinctive title tokens matched PDF metadata/first pages.,2026-08-12
doi:10.1016/j.neuropsychologia.2014.09.043,Moving sounds within the peripersonal space modulate the motor system.,2015,10.1016/j.neuropsychologia.2014.09.043,https://doi.org/10.1016/j.neuropsychologia.2014.09.043,needs_user_download,landing_metadata_checked,no_valid_local_main_pdf,artifacts/paper_metadata_audit/publication_pdfs/doi_10.1016_j.neuropsychologia.2014.09.043__24f592cdfb19.pdf,,0,not_checked,publisher_or_abstract_only,ScienceDirect article preview and EPFL metadata record,https://doi.org/10.1016/j.neuropsychologia.2014.09.043,not_established,yes,high,The motor-system looming/receding experiment is not local and no anonymous exact PDF was verified.,"Download the exact publisher PDF through institutional access for trajectory, timing, and TMS-condition extraction.","The publisher preview exposes the abstract and highlights, not the full replicator specification.",2026-08-12
doi:10.1016/j.neuropsychologia.2014.10.027,Your place or mine: shared sensory experiences elicit a remapping of peripersonal space.,2015,10.1016/j.neuropsychologia.2014.10.027,https://doi.org/10.1016/j.neuropsychologia.2014.10.027,downloaded,existing_valid_pdf,validated_local_main_pdf,artifacts/paper_metadata_audit/publication_pdfs/doi_10.1016_j.neuropsychologia.2014.10.027__eb43a15b294b.pdf,f41323b80d89d6b63ff14e3c1626bb28099b797741013daf3aa437df31be05e5,27,title_match,valid_local_pdf,curated_override:institutional_repository_accepted_manuscript,https://pure.royalholloway.ac.uk/ws/files/26296780/Maister_et_al_Neuropsychologia.pdf,not_established,no,none,"An identity-verified, structurally valid main-article PDF is present locally.",Use the validated local PDF for parameter extraction; review license terms before redistribution.,100% of distinctive title tokens matched PDF metadata/first pages.,2026-08-12
doi:10.1016/j.neuropsychologia.2015.03.001,Emotion-inducing approaching sounds shape the boundaries of multisensory peripersonal space.,2015,10.1016/j.neuropsychologia.2015.03.001,https://doi.org/10.1016/j.neuropsychologia.2015.03.001,downloaded,existing_valid_pdf,validated_local_main_pdf,artifacts/paper_metadata_audit/publication_pdfs/doi_10.1016_j.neuropsychologia.2015.03.001__8a3e82fe7431.pdf,70a4e9923edc349de3a9aa0e97d2193bef6ce31c7e2d7c7cf6ec2ce5699e7228,38,title_match,valid_local_pdf,network:open_access,https://discovery.ucl.ac.uk/1464805/1/Ferri%2CEmotion-inducing_approaching.._Neuropsychologia_Authors_copy-1.pdf,not_established,no,none,"An identity-verified, structurally valid main-article PDF is present locally.",Use the validated local PDF for parameter extraction; review license terms before redistribution.,100% of distinctive title tokens matched PDF metadata/first pages.,2026-08-12
doi:10.1016/j.neuropsychologia.2017.07.018,This racket is not mine: The influence of the tool-use on peripersonal space.,2017,10.1016/j.neuropsychologia.2017.07.018,https://doi.org/10.1016/j.neuropsychologia.2017.07.018,needs_user_download,landing_metadata_checked,no_valid_local_main_pdf,artifacts/paper_metadata_audit/publication_pdfs/doi_10.1016_j.neuropsychologia.2017.07.018__89542dd90e33.pdf,,0,not_checked,associated_or_alternate_full_text,"University of Genoa doctoral thesis, Chapter 3.1",https://unige.iris.cineca.it/retrieve/e268c4c9-72b1-a6b7-e053-3a05fe0adea1/phdunige_3257805.pdf,not_established,no,none,"The journal PDF is not local, but the public thesis contains the study as a complete titled chapter.",Use the thesis chapter for method extraction and request the version of record only if needed for comparison.,The thesis table of contents identifies the article title and chapter starting page.,2026-08-12
doi:10.1016/j.neuropsychologia.2020.107579,Schizotypy and individual differences in peripersonal space plasticity.,2020,10.1016/j.neuropsychologia.2020.107579,https://doi.org/10.1016/j.neuropsychologia.2020.107579,needs_user_download,landing_metadata_checked,no_valid_local_main_pdf,artifacts/paper_metadata_audit/publication_pdfs/doi_10.1016_j.neuropsychologia.2020.107579__0fb30e1eab12.pdf,,0,not_checked,associated_or_alternate_full_text,University of Modena and Reggio Emilia doctoral thesis,https://iris.unimore.it/retrieve/e31e124f-58b6-987f-e053-3705fe0a095a/Tesi_Ferroni%20Francesca.pdf,not_established,no,none,"The journal PDF is absent, but the study is reproduced in a public author thesis suitable for parameter extraction.",Use the thesis chapter as alternate full text; request the published PDF only if version differences matter.,Search-indexed thesis text contains the exact study title and methods content.,2026-08-12
doi:10.1016/j.neuropsychologia.2020.107622,Effect of tool-use observation on metric body representation and peripersonal space.,2020,10.1016/j.neuropsychologia.2020.107622,https://doi.org/10.1016/j.neuropsychologia.2020.107622,needs_user_download,http_403,no_valid_local_main_pdf,artifacts/paper_metadata_audit/publication_pdfs/doi_10.1016_j.neuropsychologia.2020.107622__0286ed3e64c9.pdf,,0,not_checked,public_pdf_verified_not_local,University of Turin open-access article PDF and open ScienceDirect HTML,https://iris.unito.it/retrieve/e27ce430-8217-2581-e053-d805fe0acbaa/Galigani%20et%20al.%2C%202020.%20Effect%20of%20tool-use%20observation.pdf,creative_commons_publisher_article,no,none,"The article is explicitly open access and its exact institutional PDF is indexed, but the repository returns HTTP 403 to this environment.",Use the open publisher HTML or retry the institutional PDF in a normal browser; do not use subscription credentials.,ScienceDirect marks the article Open Access under a Creative Commons license.,2026-08-12
doi:10.1016/j.neuropsychologia.2021.107823,Phase-coupling of neural oscillations contributes to individual differences in peripersonal space.,2021,10.1016/j.neuropsychologia.2021.107823,https://doi.org/10.1016/j.neuropsychologia.2021.107823,needs_user_download,landing_metadata_checked,no_valid_local_main_pdf,artifacts/paper_metadata_audit/publication_pdfs/doi_10.1016_j.neuropsychologia.2021.107823__434ad53b548f.pdf,,0,not_checked,publisher_or_abstract_only,Institutional record with archive-manager-only PDF,https://ricerca.unich.it/handle/11564/749641,not_established,yes,high,"The institutional record labels the exact publisher PDF as restricted to repository managers, and no public manuscript was recovered.",Download the exact publisher PDF through institutional access.,The public record provides the abstract but not the methods needed for replication.,2026-08-12
doi:10.1016/j.neuropsychologia.2026.109490,Dealing with the world close to our body. Characterizing determinants of peripersonal space plasticity.,2026,10.1016/j.neuropsychologia.2026.109490,https://doi.org/10.1016/j.neuropsychologia.2026.109490,needs_user_download,landing_metadata_checked,no_valid_local_main_pdf,artifacts/paper_metadata_audit/publication_pdfs/doi_10.1016_j.neuropsychologia.2026.109490__ac4561efdec5.pdf,,0,not_checked,public_full_html,ScienceDirect open-access full article HTML,https://www.sciencedirect.com/science/article/pii/S0028393226001363,creative_commons_publisher_article,no,none,"The PDF is not local, but the publisher marks the four-experiment article Open Access and exposes its full HTML.",Use the open publisher HTML now and retry the PDF route for local archiving.,The article has four experiments and is therefore high-value despite not requiring academic credentials.,2026-08-12
doi:10.1016/j.nicl.2019.101940,Peri-personal space encoding in patients with disorders of consciousness and cognitive-motor dissociation.,2019,10.1016/j.nicl.2019.101940,https://doi.org/10.1016/j.nicl.2019.101940,downloaded,existing_valid_pdf,validated_local_main_pdf,artifacts/paper_metadata_audit/publication_pdfs/doi_10.1016_j.nicl.2019.101940__c0c7a69f48fb.pdf,65e7c9945db5a563f3169d4ceed8a42c23786fba006328e0d1374057110ce25b,14,doi_and_title_match,valid_local_pdf,pre-existing validated local artifact,,not_established,no,none,"An identity-verified, structurally valid main-article PDF is present locally.",Use the validated local PDF for parameter extraction; review license terms before redistribution.,Expected DOI and 100% of distinctive title tokens matched PDF metadata/first pages.,2026-08-12
doi:10.1016/j.schres.2021.06.026,Influence of E/I balance and pruning in peri-personal space differences in schizophrenia: A computational approach.,2022,10.1016/j.schres.2021.06.026,https://doi.org/10.1016/j.schres.2021.06.026,downloaded,existing_valid_pdf,validated_local_main_pdf,artifacts/paper_metadata_audit/publication_pdfs/doi_10.1016_j.schres.2021.06.026__79b4f029c561.pdf,f4077ea4c414ec857a8a4c7c440343e258a52547826c3cc4da3246078524a76d,31,title_match,valid_local_pdf,network:open_access,https://www.pure.ed.ac.uk/ws/files/219076432/Influence_of_EI_balance_PAREDES_DOA23062021_AFV.pdf,not_established,no,none,"An identity-verified, structurally valid main-article PDF is present locally.",Use the validated local PDF for parameter extraction; review license terms before redistribution.,100% of distinctive title tokens matched PDF metadata/first pages.,2026-08-12
doi:10.1016/j.tics.2016.01.005,Variability in Multisensory Responses Predicts the Self-Space.,2016,10.1016/j.tics.2016.01.005,https://doi.org/10.1016/j.tics.2016.01.005,needs_user_download,landing_metadata_checked,no_valid_local_main_pdf,artifacts/paper_metadata_audit/publication_pdfs/doi_10.1016_j.tics.2016.01.005__fd22de9caa9c.pdf,,0,not_checked,abstract_or_scope_adjacent,Publisher/Serval abstract record,https://serval.unil.ch/notice/serval:BIB_1856C7B963CC,not_established,no,none,This is a two-page Trends commentary rather than a primary experiment requiring a PPS task template.,Retain it for conceptual provenance; do not spend credentials for experiment-parameter extraction.,The abstract summarizes another empirical paper and contains no independent protocol.,2026-08-12
doi:10.1016/j.xcrm.2026.102705,Multisensory integration in peripersonal space indexes consciousness states in sleep and disorders of consciousness.,2026,10.1016/j.xcrm.2026.102705,https://doi.org/10.1016/j.xcrm.2026.102705,downloaded,existing_valid_pdf,validated_local_main_pdf,artifacts/paper_metadata_audit/publication_pdfs/doi_10.1016_j.xcrm.2026.102705__238e68f964df.pdf,d1422999158381ae4a56c92b68cb2d6472716938ea24a17213c699070bdf8195,20,doi_and_title_match,valid_local_pdf,pmc_cloud:oa_pdf,https://pmc-oa-opendata.s3.amazonaws.com/PMC13130652.1/PMC13130652.1.pdf?md5=fd94bce6139b0e4f272025372e123b75,CC BY,no,none,"An identity-verified, structurally valid main-article PDF is present locally.",Use the validated local PDF for parameter extraction; review license terms before redistribution.,Expected DOI and 100% of distinctive title tokens matched PDF metadata/first pages.,2026-08-12
doi:10.1038/s41598-019-45084-4,Identifying peripersonal space boundaries in newborns.,2019,10.1038/s41598-019-45084-4,https://doi.org/10.1038/s41598-019-45084-4,downloaded,existing_valid_pdf,validated_local_main_pdf,artifacts/paper_metadata_audit/publication_pdfs/doi_10.1038_s41598-019-45084-4__2ed6021a2bf9.pdf,905f577aff2a730118be9606a61fda38e89662ce845e69895ba7c5d8abed4be4,11,doi_and_title_match,valid_local_pdf,network:open_access,https://www.nature.com/articles/s41598-019-45084-4.pdf,not_established,no,none,"An identity-verified, structurally valid main-article PDF is present locally.",Use the validated local PDF for parameter extraction; review license terms before redistribution.,Expected DOI and 100% of distinctive title tokens matched PDF metadata/first pages.,2026-08-12
doi:10.1038/s41598-019-45224-w,Enlarged representation of peripersonal space in pregnancy.,2019,10.1038/s41598-019-45224-w,https://doi.org/10.1038/s41598-019-45224-w,downloaded,existing_valid_pdf,validated_local_main_pdf,artifacts/paper_metadata_audit/publication_pdfs/doi_10.1038_s41598-019-45224-w__47c577b5fe75.pdf,05c634ec9bc152cd34fd6774f3ba3f6f220e5f735d3dd62fde7fd6665a5c05e8,7,doi_and_title_match,valid_local_pdf,openalex:best_oa_location,https://www.nature.com/articles/s41598-019-45224-w.pdf,cc-by,no,none,"An identity-verified, structurally valid main-article PDF is present locally.",Use the validated local PDF for parameter extraction; review license terms before redistribution.,Expected DOI and 100% of distinctive title tokens matched PDF metadata/first pages.,2026-08-12
doi:10.1038/s41598-020-79767-0,Auditory roughness elicits defense reactions.,2021,10.1038/s41598-020-79767-0,https://doi.org/10.1038/s41598-020-79767-0,downloaded,existing_valid_pdf,validated_local_main_pdf,artifacts/paper_metadata_audit/publication_pdfs/doi_10.1038_s41598-020-79767-0__feed2417f08d.pdf,ac87a3899a5508bfb6f37d1564ee9bf147d8c6a72f512ecfea1f73e60e5ad386,11,doi_and_title_match,valid_local_pdf,network:open_access,https://www.nature.com/articles/s41598-020-79767-0.pdf,not_established,no,none,"An identity-verified, structurally valid main-article PDF is present locally.",Use the validated local PDF for parameter extraction; review license terms before redistribution.,Expected DOI and 100% of distinctive title tokens matched PDF metadata/first pages.,2026-08-12
doi:10.1038/s41598-021-00048-5,Frontal and parietal background connectivity and their dynamic changes account for individual differences in the multisensory representation of peripersonal space.,2021,10.1038/s41598-021-00048-5,https://doi.org/10.1038/s41598-021-00048-5,downloaded,existing_valid_pdf,validated_local_main_pdf,artifacts/paper_metadata_audit/publication_pdfs/doi_10.1038_s41598-021-00048-5__d6b258a443a1.pdf,b73187782471d3eb6a3d30b4844dc686c6416bf45f58fbee0cdf8990e8a8b4b8,14,doi_and_title_match,valid_local_pdf,openalex:best_oa_location,https://www.nature.com/articles/s41598-021-00048-5.pdf,cc-by,no,none,"An identity-verified, structurally valid main-article PDF is present locally.",Use the validated local PDF for parameter extraction; review license terms before redistribution.,Expected DOI and 100% of distinctive title tokens matched PDF metadata/first pages.,2026-08-12
doi:10.1038/s41598-021-90784-5,"Peripersonal space in the front, rear, left and right directions for audio-tactile multisensory integration.",2021,10.1038/s41598-021-90784-5,https://doi.org/10.1038/s41598-021-90784-5,downloaded,existing_valid_pdf,validated_local_main_pdf,artifacts/paper_metadata_audit/publication_pdfs/doi_10.1038_s41598-021-90784-5__18f4d0e6f3e3.pdf,75c4ac27b536743b4c99c9dcfdd8b01871f07b07627b57b0f44297d51a3cb4ef,10,doi_and_title_match,valid_local_pdf,network:open_access,https://www.nature.com/articles/s41598-021-90784-5.pdf,not_established,no,none,"An identity-verified, structurally valid main-article PDF is present locally.",Use the validated local PDF for parameter extraction; review license terms before redistribution.,Expected DOI and 100% of distinctive title tokens matched PDF metadata/first pages.,2026-08-12
doi:10.1038/s41598-022-21469-w,Multisensory-driven facilitation within the peripersonal space is modulated by the expectations about stimulus location on the body.,2022,10.1038/s41598-022-21469-w,https://doi.org/10.1038/s41598-022-21469-w,downloaded,existing_valid_pdf,validated_local_main_pdf,artifacts/paper_metadata_audit/publication_pdfs/doi_10.1038_s41598-022-21469-w__5a00a6e273f0.pdf,53b0f680c09572b1efe8a43d11ddc88114f87977406efe25ac467f8dacd4e092,10,doi_and_title_match,valid_local_pdf,openalex:best_oa_location,https://www.nature.com/articles/s41598-022-21469-w.pdf,cc-by,no,none,"An identity-verified, structurally valid main-article PDF is present locally.",Use the validated local PDF for parameter extraction; review license terms before redistribution.,Expected DOI and 100% of distinctive title tokens matched PDF metadata/first pages.,2026-08-12
doi:10.1038/s41598-026-36796-5,Somatotopy-independent reduction of audio-tactile intersensory facilitation for looming sounds within the peripersonal space during arm movements execution.,2026,10.1038/s41598-026-36796-5,https://doi.org/10.1038/s41598-026-36796-5,downloaded,existing_valid_pdf,validated_local_main_pdf,artifacts/paper_metadata_audit/publication_pdfs/doi_10.1038_s41598-026-36796-5__3b06e60c91d9.pdf,1863b05801b31e1085bd3f2fb35087dc4b3e5a9b1e3e7e8ea1ccb2cee1c01815,14,doi_and_title_match,valid_local_pdf,openalex:best_oa_location,https://www.nature.com/articles/s41598-026-36796-5.pdf,cc-by-nc-nd,no,none,"An identity-verified, structurally valid main-article PDF is present locally.",Use the validated local PDF for parameter extraction; review license terms before redistribution.,Expected DOI and 100% of distinctive title tokens matched PDF metadata/first pages.,2026-08-12
doi:10.1038/srep02844,Amputation and prosthesis implantation shape body and peripersonal space representations.,2013,10.1038/srep02844,https://doi.org/10.1038/srep02844,downloaded,existing_valid_pdf,validated_local_main_pdf,artifacts/paper_metadata_audit/publication_pdfs/doi_10.1038_srep02844__53600a56bb34.pdf,98ad22e22ec5b4fbb5008e0c7c865f7460b3f8cf03b4a6a051cdfdf09fc21daa,8,doi_and_title_match,valid_local_pdf,openalex:best_oa_location,https://www.nature.com/articles/srep02844.pdf,cc-by-nc-nd,no,none,"An identity-verified, structurally valid main-article PDF is present locally.",Use the validated local PDF for parameter extraction; review license terms before redistribution.,Expected DOI and 100% of distinctive title tokens matched PDF metadata/first pages.,2026-08-12
doi:10.1038/srep18603,Body part-centered and full body-centered peripersonal space representations.,2015,10.1038/srep18603,https://doi.org/10.1038/srep18603,downloaded,existing_valid_pdf,validated_local_main_pdf,artifacts/paper_metadata_audit/publication_pdfs/doi_10.1038_srep18603__06277eb0d560.pdf,db186ef1f9f99a5d00375d711bd85ad515fcc596b982d03e184d335e5128a9f5,14,doi_and_title_match,valid_local_pdf,openalex:best_oa_location,https://www.nature.com/articles/srep18603.pdf,cc-by,no,none,"An identity-verified, structurally valid main-article PDF is present locally.",Use the validated local PDF for parameter extraction; review license terms before redistribution.,Expected DOI and 100% of distinctive title tokens matched PDF metadata/first pages.,2026-08-12
doi:10.1073/pnas.2024548118,Spatial tuning of electrophysiological responses to multisensory stimuli reveals a primitive coding of the body boundaries in newborns,2021,10.1073/pnas.2024548118,https://doi.org/10.1073/pnas.2024548118,downloaded,existing_valid_pdf,validated_local_main_pdf,artifacts/paper_metadata_audit/publication_pdfs/doi_10.1073_pnas.2024548118__3161cebe99a8.pdf,219010e74164e7843bb2b7633a9ea34b71613a3b21e04e46d5373ba326179ee2,3,doi_and_title_match,valid_local_pdf,openalex:best_oa_location,https://iris.unil.ch/bitstreams/af4f3563-b41c-4c3c-ab28-e87f1423ddd1/download,cc-by-nc-nd,no,none,"An identity-verified, structurally valid main-article PDF is present locally.",Use the validated local PDF for parameter extraction; review license terms before redistribution.,Expected DOI and 100% of distinctive title tokens matched PDF metadata/first pages.,2026-08-12
doi:10.1073/pnas.2516229122,"Interoception vs. Exteroception: Cardiac interoception competes with tactile perception, yet also facilitates self-relevance encoding.",2025,10.1073/pnas.2516229122,https://doi.org/10.1073/pnas.2516229122,downloaded,existing_valid_pdf,validated_local_main_pdf,artifacts/paper_metadata_audit/publication_pdfs/doi_10.1073_pnas.2516229122__6eec9270d224.pdf,8cd9cf3a474692b62bdfcff1ad84f56766e9a0db029d930ebbc80997dfc032bf,12,doi_and_title_match,valid_local_pdf,pmc_cloud:oa_pdf,https://pmc-oa-opendata.s3.amazonaws.com/PMC12704728.1/PMC12704728.1.pdf?md5=0c441c8f518a027d627081160bdb19f6,CC BY-NC-ND,no,none,"An identity-verified, structurally valid main-article PDF is present locally.",Use the validated local PDF for parameter extraction; review license terms before redistribution.,Expected DOI and 100% of distinctive title tokens matched PDF metadata/first pages.,2026-08-12
doi:10.1080/17470210903068989,Assessing the effect of sound complexity on the audiotactile cross-modal dynamic capture task.,2010,10.1080/17470210903068989,https://doi.org/10.1080/17470210903068989,needs_user_download,http_403,no_valid_local_main_pdf,artifacts/paper_metadata_audit/publication_pdfs/doi_10.1080_17470210903068989__0d23fd94040b.pdf,,0,not_checked,publisher_or_abstract_only,SAGE abstract page,https://journals.sagepub.com/doi/abs/10.1080/17470210903068989,not_established,yes,medium,Only the abstract is publicly usable; the experiment directly manipulates noise versus pure-tone stimulus complexity and is not local.,"Download the exact publisher PDF through institutional access for stimulus, SOA, and repetition extraction.",The abstract identifies the manipulation but does not expose the complete trial design.,2026-08-12
doi:10.1093/braincomms/fcac179,Body and peripersonal space representations in chronic stroke patients with upper limb motor deficits.,2022,10.1093/braincomms/fcac179,https://doi.org/10.1093/braincomms/fcac179,downloaded,existing_valid_pdf,validated_local_main_pdf,artifacts/paper_metadata_audit/publication_pdfs/doi_10.1093_braincomms_fcac179__272ca6c0fa06.pdf,63f6798214eb3d30ab06746da22b724c8f0ae32b6fb263e8e62edc951641ee9f,15,doi_and_title_match,valid_local_pdf,openalex:location,https://iris.unil.ch/bitstreams/72939928-6370-4b5e-a7f3-a7c4773033de/download,cc-by,no,none,"An identity-verified, structurally valid main-article PDF is present locally.",Use the validated local PDF for parameter extraction; review license terms before redistribution.,Expected DOI and 100% of distinctive title tokens matched PDF metadata/first pages.,2026-08-12
doi:10.1093/cercor/bhh197,Grabbing your ear: rapid auditory-somatosensory multisensory interactions in low-level sensory cortices are not constrained by stimulus alignment.,2005,10.1093/cercor/bhh197,https://doi.org/10.1093/cercor/bhh197,needs_user_download,http_403,no_valid_local_main_pdf,artifacts/paper_metadata_audit/publication_pdfs/doi_10.1093_cercor_bhh197__b61dbb00b06a.pdf,,0,not_checked,public_pdf_verified_not_local,Vrije Universiteit Amsterdam institutional PDF,https://research.vu.nl/files/2085713/Murray%20Cerebral%20Cortex%2015(7)%202005%20u.pdf,not_established,no,none,"An exact institutional PDF is publicly indexed, but both publisher and repository file requests returned HTTP 403 to the acquisition environment.",Retry the public repository in a normal browser; academic subscription credentials are not intrinsically required.,The institutional filename and indexed first page match the exact article.,2026-08-12
doi:10.1093/cercor/bhy156,Audio-Tactile and Peripersonal Space Processing Around the Trunk in Human Parietal and Temporal Cortex: An Intracranial EEG Study.,2018,10.1093/cercor/bhy156,https://doi.org/10.1093/cercor/bhy156,downloaded,existing_valid_pdf,validated_local_main_pdf,artifacts/paper_metadata_audit/publication_pdfs/doi_10.1093_cercor_bhy156__f189969f0e21.pdf,972dd1f6e333f97fe0ba46f63d6c7565292f663479152d03fee044aa2fb22c30,13,doi_and_title_match,valid_local_pdf,openalex:location,https://iris.unil.ch/bitstreams/a63911dd-82c2-4025-9a2b-e19967620e5e/download,cc-by-nc,no,none,"An identity-verified, structurally valid main-article PDF is present locally.",Use the validated local PDF for parameter extraction; review license terms before redistribution.,Expected DOI and 100% of distinctive title tokens matched PDF metadata/first pages.,2026-08-12
doi:10.1093/neucas/7.2.97,Auditory peripersonal space in humans: a case of auditory-tactile extinction.,2001,10.1093/neucas/7.2.97,https://doi.org/10.1093/neucas/7.2.97,needs_user_download,http_403,no_valid_local_main_pdf,artifacts/paper_metadata_audit/publication_pdfs/doi_10.1093_neucas_7.2.97__fccb1d56c8c3.pdf,,0,not_checked,publisher_or_abstract_only,Oxford DOI record and ResearchGate author-content page,https://doi.org/10.1093/neucas/7.2.97,not_established,yes,critical,This foundational patient study is not local and no stable anonymous exact PDF route was verified.,Download the exact publisher PDF through institutional access.,"ResearchGate indexes full author content, but it is not a stable anonymous acquisition route.",2026-08-12
doi:10.1093/oso/9780198851738.003.0005,Visuo-tactile predictive mechanisms of peripersonal space,2021,10.1093/oso/9780198851738.003.0005,https://doi.org/10.1093/oso/9780198851738.003.0005,needs_user_download,http_403,no_valid_local_main_pdf,artifacts/paper_metadata_audit/publication_pdfs/doi_10.1093_oso_9780198851738.003.0005__d5ddc86d3e16.pdf,,0,not_checked,abstract_or_scope_adjacent,Oxford Academic chapter landing page,https://doi.org/10.1093/oso/9780198851738.003.0005,not_established,no,none,This book chapter is visuo-tactile and not a primary audio-tactile PPS experiment for the current replicator scope.,Retain as conceptual/network context; request only if the toolkit scope expands to visuo-tactile predictive mechanisms.,"The publisher PDF route is blocked, but it is not needed to complete the present audio-tactile parameter matrix.",2026-08-12
doi:10.1093/schbul/sbac067,Tool-use Extends Peripersonal Space Boundaries in Schizophrenic Patients.,2022,10.1093/schbul/sbac067,https://doi.org/10.1093/schbul/sbac067,downloaded,existing_valid_pdf,validated_local_main_pdf,artifacts/paper_metadata_audit/publication_pdfs/doi_10.1093_schbul_sbac067__b51d4fd6e869.pdf,0f4dc2db12a3f44871101f6909c73aa0c34204640b20d0275cc8b8c2a605f0a7,9,doi_and_title_match,valid_local_pdf,pmc_cloud:oa_pdf,https://pmc-oa-opendata.s3.amazonaws.com/PMC9434469.1/PMC9434469.1.pdf?md5=523b6cf53678f53e6a39923957a9fbfb,CC BY-NC-ND,no,none,"An identity-verified, structurally valid main-article PDF is present locally.",Use the validated local PDF for parameter extraction; review license terms before redistribution.,Expected DOI and 100% of distinctive title tokens matched PDF metadata/first pages.,2026-08-12
doi:10.1098/rsos.181878,Social coding of the multisensory space around us.,2019,10.1098/rsos.181878,https://doi.org/10.1098/rsos.181878,downloaded,existing_valid_pdf,validated_local_main_pdf,artifacts/paper_metadata_audit/publication_pdfs/doi_10.1098_rsos.181878__3237f37148ca.pdf,9216ba9dd809c759350bec21171ea00f17d4ddd109b712ccf2addfa6af2a5a0e,13,doi_and_title_match,valid_local_pdf,pmc_cloud:oa_pdf,https://pmc-oa-opendata.s3.amazonaws.com/PMC6731720.1/PMC6731720.1.pdf?md5=88b1de2151e4e013dc94e82f1262d0ea,CC BY,no,none,"An identity-verified, structurally valid main-article PDF is present locally.",Use the validated local PDF for parameter extraction; review license terms before redistribution.,Expected DOI and 100% of distinctive title tokens matched PDF metadata/first pages.,2026-08-12
doi:10.1101/2024.10.25.619776,Multisensory integration in Peripersonal Space indexes consciousness states in sleep and disorders of consciousness,2024,10.1101/2024.10.25.619776,https://doi.org/10.1101/2024.10.25.619776,downloaded,existing_valid_pdf,validated_local_main_pdf,artifacts/paper_metadata_audit/publication_pdfs/doi_10.1101_2024.10.25.619776__de2f3f7b2efd.pdf,9dc1783dee9d7f868522b853da4419b212530c6c102668202aac69185047e495,39,doi_and_title_match,valid_local_pdf,network:open_access:citation_pdf_url,https://www.biorxiv.org/content/10.1101/2024.10.25.619776v1.full.pdf,not_established,no,none,"An identity-verified, structurally valid main-article PDF is present locally.",Use the validated local PDF for parameter extraction; review license terms before redistribution.,Expected DOI and 100% of distinctive title tokens matched PDF metadata/first pages.,2026-08-12
doi:10.1101/2025.06.25.660685,"Interoception vs. Exteroception: Cardiac interoception competes with tactile perception, yet also facilitates self-relevance encoding",2025,10.1101/2025.06.25.660685,https://doi.org/10.1101/2025.06.25.660685,downloaded,existing_valid_pdf,validated_local_main_pdf,artifacts/paper_metadata_audit/publication_pdfs/doi_10.1101_2025.06.25.660685__9371ad38268a.pdf,1603d959941a39997c8ebea49a79d2912de3f9ca0e2a31e45135f218dbe2eb64,23,doi_and_title_match,valid_local_pdf,network:open_access,https://www.biorxiv.org/content/biorxiv/early/2025/06/27/2025.06.25.660685.full.pdf,not_established,no,none,"An identity-verified, structurally valid main-article PDF is present locally.",Use the validated local PDF for parameter extraction; review license terms before redistribution.,Expected DOI and 100% of distinctive title tokens matched PDF metadata/first pages.,2026-08-12
doi:10.1101/2025.09.02.673729,The Proximity Prediction Hypothesis: How predictive coding of CT-touch explains Autonomous Sensory Meridian Response and its therapeutic applications,2025,10.1101/2025.09.02.673729,https://doi.org/10.1101/2025.09.02.673729,downloaded,existing_valid_pdf,validated_local_main_pdf,artifacts/paper_metadata_audit/publication_pdfs/doi_10.1101_2025.09.02.673729__30f14431b56c.pdf,49e57f671ce5702111e310074dd7c9d65c6a5e555ef10148cd66f10223dce1e4,29,doi_and_title_match,valid_local_pdf,openalex:best_oa_location,https://www.biorxiv.org/content/biorxiv/early/2025/09/07/2025.09.02.673729.full.pdf,cc-by,no,none,"An identity-verified, structurally valid main-article PDF is present locally.",Use the validated local PDF for parameter extraction; review license terms before redistribution.,Expected DOI and 100% of distinctive title tokens matched PDF metadata/first pages.,2026-08-12
doi:10.1101/249078,Audio-tactile and peripersonal space processing around the trunk in human parietal and temporal cortex: an intracranial EEG study,2018,10.1101/249078,https://doi.org/10.1101/249078,downloaded,existing_valid_pdf,validated_local_main_pdf,artifacts/paper_metadata_audit/publication_pdfs/doi_10.1101_249078__f6b0efd068ee.pdf,7bfaf3d02f689d0821eb4f95a8df7dbf3517bcd84bee06b0ac13c626f436f9ad,23,doi_and_title_match,valid_local_pdf,network:open_access,https://www.biorxiv.org/content/biorxiv/early/2018/01/18/249078.full.pdf,not_established,no,none,"An identity-verified, structurally valid main-article PDF is present locally.",Use the validated local PDF for parameter extraction; review license terms before redistribution.,Expected DOI and 100% of distinctive title tokens matched PDF metadata/first pages.,2026-08-12
doi:10.1101/492017,Maternal brain gain: enlarged representation of the peripersonal space in pregnancy,2018,10.1101/492017,https://doi.org/10.1101/492017,downloaded,existing_valid_pdf,validated_local_main_pdf,artifacts/paper_metadata_audit/publication_pdfs/doi_10.1101_492017__d28f11160d31.pdf,367bc3ebf166764e42f2aa9d4f75e1950e27b3bfa5dca800a46927dab808fa94,13,doi_and_title_match,valid_local_pdf,network:open_access,https://www.biorxiv.org/content/biorxiv/early/2018/12/10/492017.full.pdf,not_established,no,none,"An identity-verified, structurally valid main-article PDF is present locally.",Use the validated local PDF for parameter extraction; review license terms before redistribution.,Expected DOI and 100% of distinctive title tokens matched PDF metadata/first pages.,2026-08-12
doi:10.1109/whc.2017.7989970,Vibration on the soles of the feet evoking a sensation of walking expands peripersonal space,2017,10.1109/whc.2017.7989970,https://doi.org/10.1109/whc.2017.7989970,needs_user_download,landing_metadata_checked,no_valid_local_main_pdf,artifacts/paper_metadata_audit/publication_pdfs/doi_10.1109_whc.2017.7989970__b7db32323273.pdf,,0,not_checked,associated_or_alternate_full_text,NTT Technical Review public summary and later public technical article,https://www.ntt-review.jp/archive/ntttechnical.php?contents=ntr201708ext.html,not_established,no,none,"The IEEE conference PDF is absent, but NTT provides a public study summary and the related 2019 technical-review paper is already local and identity-verified.",Use the public NTT evidence and local DOI 10.53829/ntr201911fa4; request the conference paper only to resolve a specific discrepancy.,The NTT summary names the conference paper and describes the foot-sole vibration/looming-sound task.,2026-08-12
doi:10.1111/ejn.13872,Vestibular modulation of peripersonal space boundaries.,2018,10.1111/ejn.13872,https://doi.org/10.1111/ejn.13872,downloaded,existing_valid_pdf,validated_local_main_pdf,artifacts/paper_metadata_audit/publication_pdfs/doi_10.1111_ejn.13872__9e2ccc01df25.pdf,d85dfa7a93371288eca67d5ccb5a169943fa1cda6ad8c1d1dd84aabd244bcc04,12,doi_and_title_match,valid_local_pdf,curated_override:author_lab_pdf,https://noel-lab.org/wp-content/uploads/2024/05/pfeiffer_et_al-2018-european_journal_of_neuroscience.pdf,not_established,no,none,"An identity-verified, structurally valid main-article PDF is present locally.",Use the validated local PDF for parameter extraction; review license terms before redistribution.,Expected DOI and 100% of distinctive title tokens matched PDF metadata/first pages.,2026-08-12
doi:10.1111/j.1460-9568.2010.07210.x,Seeing the body modulates audiotactile integration,2010,10.1111/j.1460-9568.2010.07210.x,https://doi.org/10.1111/j.1460-9568.2010.07210.x,downloaded,existing_valid_pdf,validated_local_main_pdf,artifacts/paper_metadata_audit/publication_pdfs/doi_10.1111_j.1460-9568.2010.07210.x__9e7fbce07ccb.pdf,67258329ba26a2e29b9cc55246e81f1ce87a1752ca889c05ec1e429f4967232d,6,doi_and_title_match,valid_local_pdf,curated_override:institutional_repository_pdf,https://infoscience.epfl.ch/server/api/core/bitstreams/7ad4a81f-a9f1-4dd4-a802-367dfd1aae95/content,not_established,no,none,"An identity-verified, structurally valid main-article PDF is present locally.",Use the validated local PDF for parameter extraction; review license terms before redistribution.,Expected DOI and 100% of distinctive title tokens matched PDF metadata/first pages.,2026-08-12
doi:10.1111/j.1467-9280.2007.01952.x,Extended multisensory space in blind cane users.,2007,10.1111/j.1467-9280.2007.01952.x,https://doi.org/10.1111/j.1467-9280.2007.01952.x,downloaded,downloaded,validated_local_main_pdf,artifacts/paper_metadata_audit/publication_pdfs/doi_10.1111_j.1467-9280.2007.01952.x__b2722bf710ee.pdf,f4ce8d7a3d6c1d4742b0c09ad749ec01996f1df6e8f3f0b6e47f7eeb28b314bb,7,title_match,valid_local_pdf,curated_override:web_archive_author_library_pdf,https://web.archive.org/web/20230128074444id_/http://wexler.free.fr/library/files/serino%20%282007%29%20extended%20multisensory%20space%20in%20blind%20cane%20users.pdf,not_established,no,none,"An identity-verified, structurally valid main-article PDF is present locally.",Use the validated local PDF for parameter extraction; review license terms before redistribution.,100% of distinctive title tokens matched PDF metadata/first pages.,2026-08-12
doi:10.1152/jn.00652.2017,Neural adaptation accounts for the dynamic resizing of peripersonal space: evidence from a psychophysical-computational approach.,2018,10.1152/jn.00652.2017,https://doi.org/10.1152/jn.00652.2017,downloaded,existing_valid_pdf,validated_local_main_pdf,artifacts/paper_metadata_audit/publication_pdfs/doi_10.1152_jn.00652.2017__3c2ba1457c1b.pdf,e1210cd8efb744b612679f6db611f9e126ede1cf3baa60235a750662d1422bc1,27,doi_and_title_match,valid_local_pdf,openalex:location,https://iris.unil.ch/bitstreams/9d29234e-080a-45ac-99f7-2db7cffce5a2/download,cc-by,no,none,"An identity-verified, structurally valid main-article PDF is present locally.",Use the validated local PDF for parameter extraction; review license terms before redistribution.,Expected DOI and 100% of distinctive title tokens matched PDF metadata/first pages.,2026-08-12
doi:10.1162/089892902320474481,Auditory peripersonal space in humans.,2002,10.1162/089892902320474481,https://doi.org/10.1162/089892902320474481,needs_user_download,http_403,no_valid_local_main_pdf,artifacts/paper_metadata_audit/publication_pdfs/doi_10.1162_089892902320474481__66c373c25503.pdf,,0,not_checked,publisher_or_abstract_only,MIT Press DOI page and ResearchGate author-content page,https://doi.org/10.1162/089892902320474481,not_established,yes,critical,The highest-prominence foundational paper has two tracked study instances but no stable anonymous main PDF or local copy.,Download the exact publisher PDF through institutional access as the top credential request.,"ResearchGate indexes author-provided full content, but a durable anonymous PDF route was not verified.",2026-08-12
doi:10.1162/jocn_a_00006,Fronto-parietal areas necessary for a multisensory representation of peripersonal space in humans: an rTMS study.,2011,10.1162/jocn_a_00006,https://doi.org/10.1162/jocn_a_00006,downloaded,existing_valid_pdf,validated_local_main_pdf,artifacts/paper_metadata_audit/publication_pdfs/doi_10.1162_jocn_a_00006__4a7e63364116.pdf,0c5702c7f35c72dbbe4c9194b33893b83b6bce787a1563c58d898465371f521a,12,title_match,valid_local_pdf,curated_override:author_site_pdf,https://www.alessioavenanti.com/pdf_library/Serino_2011JOCN.pdf,not_established,no,none,"An identity-verified, structurally valid main-article PDF is present locally.",Use the validated local PDF for parameter extraction; review license terms before redistribution.,100% of distinctive title tokens matched PDF metadata/first pages.,2026-08-12
doi:10.1163/22134808-000s0136,Audio-tactile multisensory integration as a proxy for full body peri-personal space,2013,10.1163/22134808-000s0136,https://doi.org/10.1163/22134808-000s0136,needs_user_download,http_403,no_valid_local_main_pdf,artifacts/paper_metadata_audit/publication_pdfs/doi_10.1163_22134808-000s0136__ee178b058b55.pdf,,0,not_checked,no_main_pdf_for_abstract_record,Multisensory Research conference abstract record,https://doi.org/10.1163/22134808-000s0136,not_established,no,none,"This DOI resolves to a one-page conference abstract, not a separately available full experimental paper.",Use the abstract for provenance and the later full-body PPS publications already present in the network for protocol details.,"The abstract summarizes front/back, peri-hand, and sound-velocity findings later represented by full papers.",2026-08-12
doi:10.1177/0956797619869337,Remapping Peripersonal Space by Using Foot-Sole Vibrations Without Any Body Movement.,2019,10.1177/0956797619869337,https://doi.org/10.1177/0956797619869337,needs_user_download,http_403,no_valid_local_main_pdf,artifacts/paper_metadata_audit/publication_pdfs/doi_10.1177_0956797619869337__1f50196a010f.pdf,,0,not_checked,associated_or_alternate_full_text,Public NTT technical-review paper for the same pseudo-walking research program,https://ntt-review.jp/archive/ntttechnical.php?contents=ntr201911fa4.pdf&mode=show_pdf,not_established,no,none,"The Psychological Science PDF is absent, but a public, identity-verified NTT technical paper covering the seated pseudo-walking PPS method is already local.",Use the local NTT paper for parameter extraction; request the journal version only if its design differs materially.,Related local network DOI: 10.53829/ntr201911fa4.,2026-08-12
doi:10.1177/1362361319838950,Altered bodily self-consciousness and peripersonal space in autism.,2019,10.1177/1362361319838950,https://doi.org/10.1177/1362361319838950,downloaded,existing_valid_pdf,validated_local_main_pdf,artifacts/paper_metadata_audit/publication_pdfs/doi_10.1177_1362361319838950__1ddd36b405d0.pdf,c2db7cb5397f849891a035e29ad661991ae4194b804eb0479d784ebcb0fac8f0,43,title_match,valid_local_pdf,curated_override:institutional_figshare_pdf,https://ndownloader.figshare.com/files/42197946,not_established,no,none,"An identity-verified, structurally valid main-article PDF is present locally.",Use the validated local PDF for parameter extraction; review license terms before redistribution.,100% of distinctive title tokens matched PDF metadata/first pages.,2026-08-12
doi:10.1177/17470218241261645,Lost in time and space? Multisensory processing of peripersonal space and time perception in people with frequent experiences of depersonalisation.,2025,10.1177/17470218241261645,https://doi.org/10.1177/17470218241261645,needs_user_download,http_403,no_valid_local_main_pdf,artifacts/paper_metadata_audit/publication_pdfs/doi_10.1177_17470218241261645__2a09e829ed4a.pdf,,0,not_checked,associated_or_alternate_full_text,Public PsyArXiv preprint already downloaded under its own DOI,https://osf.io/download/86j4g/,not_established,no,none,"The published PDF is absent, but the exact study preprint is local and identity-verified under DOI 10.31234/osf.io/t8h6a.",Use the local preprint for study extraction and compare the version of record only if later revisions matter.,The network deliberately retains both the preprint and published DOI as separate publication nodes.,2026-08-12
doi:10.1250/ast.41.345,Social impact on audiotactile integration near the body,2020,10.1250/ast.41.345,https://doi.org/10.1250/ast.41.345,downloaded,downloaded,validated_local_main_pdf,artifacts/paper_metadata_audit/publication_pdfs/doi_10.1250_ast.41.345__bdacce3b4a8e.pdf,554ddfb949372f2777d0d82863d85907eabed9cdc82ff12b6f29ec7f1770beb1,4,doi_and_title_match,valid_local_pdf,network:open_access,https://www.jstage.jst.go.jp/article/ast/41/1/41_E19280/_pdf,not_established,no,none,"An identity-verified, structurally valid main-article PDF is present locally.",Use the validated local PDF for parameter extraction; review license terms before redistribution.,Expected DOI and 100% of distinctive title tokens matched PDF metadata/first pages.,2026-08-12
doi:10.1371/journal.pone.0006582,Motor properties of peripersonal space in humans.,2009,10.1371/journal.pone.0006582,https://doi.org/10.1371/journal.pone.0006582,downloaded,existing_valid_pdf,validated_local_main_pdf,artifacts/paper_metadata_audit/publication_pdfs/doi_10.1371_journal.pone.0006582__fe73a47a3f39.pdf,3289987ea3700c1c72e9b162dffeda5230897ca6287ef53ecdde0df9957e3b06,8,doi_and_title_match,valid_local_pdf,openalex:best_oa_location,https://journals.plos.org/plosone/article/file?id=10.1371%2Fjournal.pone.0006582&type=printable,cc-by,no,none,"An identity-verified, structurally valid main-article PDF is present locally.",Use the validated local PDF for parameter extraction; review license terms before redistribution.,Expected DOI and 100% of distinctive title tokens matched PDF metadata/first pages.,2026-08-12
doi:10.1371/journal.pone.0044306,Dynamic sounds capture the boundaries of peripersonal space representation in humans.,2012,10.1371/journal.pone.0044306,https://doi.org/10.1371/journal.pone.0044306,downloaded,existing_valid_pdf,validated_local_main_pdf,artifacts/paper_metadata_audit/publication_pdfs/doi_10.1371_journal.pone.0044306__48110f1e7943.pdf,ed1b94c46eed20c14a396f3a2b7cd0a78acae14833996e7fab38a0ce6b8cfaf9,8,doi_and_title_match,valid_local_pdf,openalex:best_oa_location,https://journals.plos.org/plosone/article/file?id=10.1371%2Fjournal.pone.0044306&type=printable,cc-by,no,none,"An identity-verified, structurally valid main-article PDF is present locally.",Use the validated local PDF for parameter extraction; review license terms before redistribution.,Expected DOI and 100% of distinctive title tokens matched PDF metadata/first pages.,2026-08-12
doi:10.1523/jneurosci.1696-15.2015,Intertrial Variability in the Premotor Cortex Accounts for Individual Differences in Peripersonal Space.,2015,10.1523/jneurosci.1696-15.2015,https://doi.org/10.1523/jneurosci.1696-15.2015,needs_user_download,http_403,no_valid_local_main_pdf,artifacts/paper_metadata_audit/publication_pdfs/doi_10.1523_jneurosci.1696-15.2015__9e4fe84e463c.pdf,,0,not_checked,public_full_html,PubMed Central full article,https://pmc.ncbi.nlm.nih.gov/articles/PMC6605506/,public_archive_terms_not_further_established,no,none,"The local PDF route was blocked, but the complete article is publicly available in PubMed Central HTML.",Use the PMC full text for parameter extraction; obtain the PDF only for local archival convenience.,PMC presentation-PDF URLs are intentionally not used by the acquisition pipeline; the full HTML remains usable.,2026-08-12
doi:10.17605/osf.io/73x59,Audio-tactile peripersonal space,2019,10.17605/osf.io/73x59,https://doi.org/10.17605/osf.io/73x59,needs_user_download,landing_metadata_checked,no_valid_local_main_pdf,artifacts/paper_metadata_audit/publication_pdfs/doi_10.17605_osf.io_73x59__750b529f9e62.pdf,,0,not_checked,no_main_pdf_for_project_record,OSF project with an associated manuscript belonging to a different network DOI,https://osf.io/73x59/,project_metadata_not_a_main_pdf_license,no,none,"This DOI identifies an OSF project, not a distinct main-paper PDF; its public manuscript is the paper already local under DOI 10.1007/s00221-020-05771-5.",Keep the project node as provenance and do not request a nonexistent separate PDF.,"Associated public file: https://osf.io/download/fncxq/; identity belongs to Holmes et al. 2020, DOI 10.1007/s00221-020-05771-5.",2026-08-12
doi:10.31234/osf.io/etvb6_v1,The spatial reach of affective touch: a new perspective on social peripersonal space,2025,10.31234/osf.io/etvb6_v1,https://doi.org/10.31234/osf.io/etvb6_v1,downloaded,existing_valid_pdf,validated_local_main_pdf,artifacts/paper_metadata_audit/publication_pdfs/doi_10.31234_osf.io_etvb6_v1__fd8b68576e72.pdf,f1cde7e7bc5cfca0ace69737ae1f6a2e52877620d742240308888321c97d483b,23,title_match,valid_local_pdf,curated_override:osf_preprint_pdf,https://osf.io/download/gnv46/,not_established,no,none,"An identity-verified, structurally valid main-article PDF is present locally.",Use the validated local PDF for parameter extraction; review license terms before redistribution.,100% of distinctive title tokens matched PDF metadata/first pages.,2026-08-12
doi:10.31234/osf.io/t8h6a,Lost in time and space? Multisensory processing of peripersonal space and time perception in Depersonalisation,2023,10.31234/osf.io/t8h6a,https://doi.org/10.31234/osf.io/t8h6a,downloaded,existing_valid_pdf,validated_local_main_pdf,artifacts/paper_metadata_audit/publication_pdfs/doi_10.31234_osf.io_t8h6a__64fec89b47a7.pdf,21127792dea573055756b4f75219a69a9a70ad2cdefc5a5133b4a312a0a6e21f,26,title_match,valid_local_pdf,curated_override:osf_preprint_pdf,https://osf.io/download/86j4g/,not_established,no,none,"An identity-verified, structurally valid main-article PDF is present locally.",Use the validated local PDF for parameter extraction; review license terms before redistribution.,100% of distinctive title tokens matched PDF metadata/first pages.,2026-08-12
doi:10.3233/rnn-120286,Plasticity of body representations after surgical arm elongation in an achondroplasic patient.,2013,10.3233/rnn-120286,https://doi.org/10.3233/rnn-120286,needs_user_download,http_403,no_valid_local_main_pdf,artifacts/paper_metadata_audit/publication_pdfs/doi_10.3233_rnn-120286__015e3a406109.pdf,,0,not_checked,public_pdf_verified_not_local,SAGE/IOS Press open-access article PDF,https://journals.sagepub.com/doi/pdf/10.3233/RNN-120286?download=true,cc_by_nc,no,none,"The exact 12-page article is publicly readable and DOI-matched, but automated retrieval receives HTTP 403.",Download the open PDF in a normal browser or use its public rendered text; academic credentials are not required.,The article states that it is Open Access under a Creative Commons Attribution Non-Commercial license.,2026-08-12
doi:10.3389/fict.2017.00031,"Peripersonal Space: An Index of Multisensory Body–Environment Interactions in Real, Virtual, and Mixed Realities",2018,10.3389/fict.2017.00031,https://doi.org/10.3389/fict.2017.00031,downloaded,existing_valid_pdf,validated_local_main_pdf,artifacts/paper_metadata_audit/publication_pdfs/doi_10.3389_fict.2017.00031__f2e7eb47ab97.pdf,ba7185f2b764de000bf8ecf0e0f1abbced8d7c657ae23b7af419d9cc61405df1,12,doi_and_title_match,valid_local_pdf,network:open_access,https://www.frontiersin.org/articles/10.3389/fict.2017.00031/pdf,not_established,no,none,"An identity-verified, structurally valid main-article PDF is present locally.",Use the validated local PDF for parameter extraction; review license terms before redistribution.,Expected DOI and 100% of distinctive title tokens matched PDF metadata/first pages.,2026-08-12
doi:10.3389/fnbeh.2015.00004,Extending peripersonal space representation without tool-use: evidence from a combined behavioral-computational approach.,2015,10.3389/fnbeh.2015.00004,https://doi.org/10.3389/fnbeh.2015.00004,downloaded,existing_valid_pdf,validated_local_main_pdf,artifacts/paper_metadata_audit/publication_pdfs/doi_10.3389_fnbeh.2015.00004__fc05fe5e1bbf.pdf,fc98884c6c3cedbda2abf4498687c4f0c72a738909f55a270673da1c14ed2904,14,doi_and_title_match,valid_local_pdf,openalex:best_oa_location,https://www.frontiersin.org/articles/10.3389/fnbeh.2015.00004/pdf,cc-by,no,none,"An identity-verified, structurally valid main-article PDF is present locally.",Use the validated local PDF for parameter extraction; review license terms before redistribution.,Expected DOI and 100% of distinctive title tokens matched PDF metadata/first pages.,2026-08-12
doi:10.3389/fpsyg.2011.00077,"Organization, maturation, and plasticity of multisensory integration: insights from computational modeling studies.",2011,10.3389/fpsyg.2011.00077,https://doi.org/10.3389/fpsyg.2011.00077,downloaded,existing_valid_pdf,validated_local_main_pdf,artifacts/paper_metadata_audit/publication_pdfs/doi_10.3389_fpsyg.2011.00077__a0f58aaf0364.pdf,edc7970cdfbec754969887e45cd332a8e5c1ebcd1d72cda37b851b64a8b80bd2,21,doi_and_title_match,valid_local_pdf,network:open_access,https://www.frontiersin.org/articles/10.3389/fpsyg.2011.00077/pdf,not_established,no,none,"An identity-verified, structurally valid main-article PDF is present locally.",Use the validated local PDF for parameter extraction; review license terms before redistribution.,Expected DOI and 100% of distinctive title tokens matched PDF metadata/first pages.,2026-08-12
doi:10.3389/fpsyg.2015.00639,The wheelchair as a full-body tool extending the peripersonal space.,2015,10.3389/fpsyg.2015.00639,https://doi.org/10.3389/fpsyg.2015.00639,downloaded,existing_valid_pdf,validated_local_main_pdf,artifacts/paper_metadata_audit/publication_pdfs/doi_10.3389_fpsyg.2015.00639__916433c471c3.pdf,dd16323b57ad63710abdf0c04c023ed54849e4f98ae92595a2a751d0dc31a701,11,doi_and_title_match,valid_local_pdf,openalex:best_oa_location,https://www.frontiersin.org/articles/10.3389/fpsyg.2015.00639/pdf,cc-by,no,none,"An identity-verified, structurally valid main-article PDF is present locally.",Use the validated local PDF for parameter extraction; review license terms before redistribution.,Expected DOI and 100% of distinctive title tokens matched PDF metadata/first pages.,2026-08-12
doi:10.3389/fpsyg.2022.983189,Effects of guided exploration on reaching measures of auditory peripersonal space.,2022,10.3389/fpsyg.2022.983189,https://doi.org/10.3389/fpsyg.2022.983189,downloaded,existing_valid_pdf,validated_local_main_pdf,artifacts/paper_metadata_audit/publication_pdfs/doi_10.3389_fpsyg.2022.983189__a9f757338377.pdf,d96cc4c7b78f756910c2d9f3bcf167c284058ee091d6380bd411273d99995ed4,15,doi_and_title_match,valid_local_pdf,network:open_access,https://www.frontiersin.org/articles/10.3389/fpsyg.2022.983189/pdf,not_established,no,none,"An identity-verified, structurally valid main-article PDF is present locally.",Use the validated local PDF for parameter extraction; review license terms before redistribution.,Expected DOI and 100% of distinctive title tokens matched PDF metadata/first pages.,2026-08-12
doi:10.3389/fpsyt.2014.00122,Cynophobic fear adaptively extends peri-personal space.,2014,10.3389/fpsyt.2014.00122,https://doi.org/10.3389/fpsyt.2014.00122,downloaded,existing_valid_pdf,validated_local_main_pdf,artifacts/paper_metadata_audit/publication_pdfs/doi_10.3389_fpsyt.2014.00122__1e91f2bf0fe4.pdf,2688efbd1a704694d1873ccc4e0da1d98b842e1ef1d886bfffd50ac41020420f,7,doi_and_title_match,valid_local_pdf,network:open_access,https://www.frontiersin.org/articles/10.3389/fpsyt.2014.00122/pdf,not_established,no,none,"An identity-verified, structurally valid main-article PDF is present locally.",Use the validated local PDF for parameter extraction; review license terms before redistribution.,Expected DOI and 100% of distinctive title tokens matched PDF metadata/first pages.,2026-08-12
doi:10.3389/frvir.2021.644214,VR Setup to Assess Peripersonal Space Audio-Tactile 3D Boundaries,2021,10.3389/frvir.2021.644214,https://doi.org/10.3389/frvir.2021.644214,downloaded,existing_valid_pdf,validated_local_main_pdf,artifacts/paper_metadata_audit/publication_pdfs/doi_10.3389_frvir.2021.644214__33de42f7f6cb.pdf,81f938d175f2f8873df4bf79b9727be12f7dcd9f22c347ff449cdade7d1dd556,16,doi_and_title_match,valid_local_pdf,network:open_access,https://www.frontiersin.org/articles/10.3389/frvir.2021.644214/pdf,not_established,no,none,"An identity-verified, structurally valid main-article PDF is present locally.",Use the validated local PDF for parameter extraction; review license terms before redistribution.,Expected DOI and 100% of distinctive title tokens matched PDF metadata/first pages.,2026-08-12
doi:10.3390/bs14040306,Mindfulness Affects the Boundaries of Bodily Self-Representation: The Effect of Focused-Attention Meditation in Fading the Boundary of Peripersonal Space.,2024,10.3390/bs14040306,https://doi.org/10.3390/bs14040306,downloaded,existing_valid_pdf,validated_local_main_pdf,artifacts/paper_metadata_audit/publication_pdfs/doi_10.3390_bs14040306__dfafe5070af5.pdf,8432959f72200fffc079939313165d61f8a02a7a23a57342f72682b628558572,15,doi_and_title_match,valid_local_pdf,pmc_cloud:oa_pdf,https://pmc-oa-opendata.s3.amazonaws.com/PMC11047477.1/PMC11047477.1.pdf?md5=010bdac06562c304f9139c039377ef21,CC BY,no,none,"An identity-verified, structurally valid main-article PDF is present locally.",Use the validated local PDF for parameter extraction; review license terms before redistribution.,Expected DOI and 100% of distinctive title tokens matched PDF metadata/first pages.,2026-08-12
doi:10.3390/s25196072,Using Android Smartphones to Collect Precise Measures of Reaction Times to Multisensory Stimuli.,2025,10.3390/s25196072,https://doi.org/10.3390/s25196072,downloaded,existing_valid_pdf,validated_local_main_pdf,artifacts/paper_metadata_audit/publication_pdfs/doi_10.3390_s25196072__37aee401ccad.pdf,65057f41fe74bd65b133de284849dbf963a45134c8702f2e0c0f44f8d3e6b677,23,doi_and_title_match,valid_local_pdf,pmc_cloud:oa_pdf,https://pmc-oa-opendata.s3.amazonaws.com/PMC12526932.1/PMC12526932.1.pdf?md5=04bc6867a644406f6b070bff672085e8,CC BY,no,none,"An identity-verified, structurally valid main-article PDF is present locally.",Use the validated local PDF for parameter extraction; review license terms before redistribution.,Expected DOI and 100% of distinctive title tokens matched PDF metadata/first pages.,2026-08-12
doi:10.3758/app.72.4.885,Crossmodal interaction between the mental number line and peripersonal haptic space representation in sighted and blind individuals.,2010,10.3758/app.72.4.885,https://doi.org/10.3758/app.72.4.885,downloaded,existing_valid_pdf,validated_local_main_pdf,artifacts/paper_metadata_audit/publication_pdfs/doi_10.3758_app.72.4.885__be940f2b5a56.pdf,f450511c892601821b98d48ff0f811f05751b57d160f3976f5e54a561f764f15,6,title_match,valid_local_pdf,network:open_access,https://link.springer.com/content/pdf/10.3758/APP.72.4.885.pdf,not_established,no,none,"An identity-verified, structurally valid main-article PDF is present locally.",Use the validated local PDF for parameter extraction; review license terms before redistribution.,100% of distinctive title tokens matched PDF metadata/first pages.,2026-08-12
doi:10.53829/ntr201911fa4,Creating a Walking Sensation for the Seated--A Sensation of Pseudo-walking Expands Peripersonal Space,2019,10.53829/ntr201911fa4,https://doi.org/10.53829/ntr201911fa4,downloaded,downloaded,validated_local_main_pdf,artifacts/paper_metadata_audit/publication_pdfs/doi_10.53829_ntr201911fa4__47b697efdf32.pdf,2cc27fc099ef6de39070393a928e670f9b44909fee40f4f2cdadd0cbb995c9e1,5,title_match,valid_local_pdf,curated_override:public_encrypted_pdf,https://ntt-review.jp/archive/ntttechnical.php?contents=ntr201911fa4.pdf&mode=show_pdf,not_established,no,none,"An identity-verified, structurally valid main-article PDF is present locally.",Use the validated local PDF for parameter extraction; review license terms before redistribution.,100% of distinctive title tokens matched PDF metadata/first pages.,2026-08-12
doi:10.61782/fa.2025.0866,The Impact of Looming Sound Duration on Peripersonal Space Measurement,2025,10.61782/fa.2025.0866,https://doi.org/10.61782/fa.2025.0866,downloaded,downloaded,validated_local_main_pdf,artifacts/paper_metadata_audit/publication_pdfs/doi_10.61782_fa.2025.0866__f5a98f9a8ba1.pdf,f3bc970fdb78df7bfa1deaee7d22d2285e7999319fd6bb42334b6d8f1bd4a75c,8,doi_and_title_match,valid_local_pdf,curated_override:public_encrypted_pdf,https://dael.euracoustics.org/confs/fa2025/data/articles/000866.pdf,not_established,no,none,"An identity-verified, structurally valid main-article PDF is present locally.",Use the validated local PDF for parameter extraction; review license terms before redistribution.,Expected DOI and 100% of distinctive title tokens matched PDF metadata/first pages.,2026-08-12
