current_toolkit_input_path,parameter_group,type_annotation,value_shape,unit,mapped_target_parameter_paths,mapped_target_count,target_binding_states,current_audit_parent_fields,current_input_contract_pointer,profile_encoding_matrix_pointer
design.name,design_identity_and_assets,str,scalar,,,0,,,current_toolkit_input_dictionary.csv::design.name,study_instance_current_toolkit_input_matrix.csv::design.name
design.study_profile_id,design_identity_and_assets,str,scalar,,,0,,,current_toolkit_input_dictionary.csv::design.study_profile_id,study_instance_current_toolkit_input_matrix.csv::design.study_profile_id
design.study_profile_title,design_identity_and_assets,str,scalar,,,0,,,current_toolkit_input_dictionary.csv::design.study_profile_title,study_instance_current_toolkit_input_matrix.csv::design.study_profile_title
design.study_profile_notes,design_identity_and_assets,str,scalar,,,0,,,current_toolkit_input_dictionary.csv::design.study_profile_notes,study_instance_current_toolkit_input_matrix.csv::design.study_profile_notes
design.study_profile_reference_parameters,design_identity_and_assets,"dict[str, Any]",object,,target.study.study_design_type | target.study.population_scope | target.study.planned_sample_n | target.study.participant_code_policy | target.study.group_labels | target.study.condition_labels | target.study.within_subject_factors | target.study.between_subject_factors | target.study.session_timepoints | target.study.assignment_counterbalancing | target.study.inclusion_criteria | target.study.exclusion_criteria | target.study.eligibility_screening | target.study.intervention_training | target.study.tool_condition | target.study.locomotion_condition | target.study.social_clinical_context | target.sources.semantic_valence_class | target.sources.source_origin_generation_method | target.sources.generation_software_version | target.rendering.audio_output_mode | target.rendering.renderer_engine | target.rendering.renderer_version | target.rendering.hrtf_database | target.rendering.hrtf_subject_id | target.rendering.hrtf_filter_id | target.rendering.near_field_compensation | target.rendering.ild_itd_policy | target.rendering.headphones_model | target.rendering.audio_interface_model | target.rendering.speaker_array_id | target.rendering.speaker_model | target.rendering.speaker_count | target.rendering.speaker_array_layout | target.rendering.speaker_switch_sequence | target.rendering.speaker_switch_times_ms | target.rendering.speaker_switch_channels | target.rendering.speaker_switch_gains | target.rendering.speaker_source_channel | target.rendering.room_acoustics | target.rendering.reverb_brir_policy | target.rendering.drr_iacc_policy | target.rendering.renderer_equivalence_boundary | target.rendering.level_mode | target.rendering.level_calibration_mode | target.rendering.level_calibration_status | target.rendering.start_spl_db | target.rendering.end_spl_db | target.rendering.instruction_offset_db | target.rendering.gain_envelope_shape | target.rendering.hold_level_policy | target.rendering.level_calibration_window_ms | target.rendering.estimated_full_scale_spl_db | target.rendering.peak_ceiling_dbfs | target.rendering.distance_gain_policy | target.rendering.level_setting_hardware_policy | target.rendering.visual_stimulus_type | target.rendering.visual_motion_profile | target.rendering.visual_start_distance_cm | target.rendering.visual_end_distance_cm | target.rendering.visual_speed_cm_s | target.rendering.visual_duration_ms | target.rendering.visual_renderer_engine | target.rendering.visual_display_device | target.rendering.mixed_reality_context | target.rendering.body_rendering_mode | target.rendering.audiovisual_synchrony_policy | target.rendering.mixed_reality_equivalence_boundary | target.tactile_protocol.tactile_modality | target.tactile_protocol.stimulator_model | target.tactile_protocol.electrode_site | target.tactile_protocol.tactile_source_or_delivery,72,untyped_object_container_only,stimulus_type | source_provenance | renderer_or_apparatus | gain_envelope | stimulus_speed | stimulus_duration | tactile_stimulus,current_toolkit_input_dictionary.csv::design.study_profile_reference_parameters,study_instance_current_toolkit_input_matrix.csv::design.study_profile_reference_parameters
design.sofa_file,design_identity_and_assets,str,scalar,,target.rendering.sofa_hrir_asset,1,typed_current_input,renderer_or_apparatus,current_toolkit_input_dictionary.csv::design.sofa_file,study_instance_current_toolkit_input_matrix.csv::design.sofa_file
design.noises[].label,generated_audio_sources,str,scalar,,target.sources.source_count | target.sources.source_labels | target.sources.auditory_condition_labels | target.trajectories.trajectory_labels,4,derived_not_input | composite_over_typed_current_inputs | partial_or_proxy_current_input,trajectory_count | auditory_conditions | trajectory_path,current_toolkit_input_dictionary.csv::design.noises[].label,study_instance_current_toolkit_input_matrix.csv::design.noises[].label
design.noises[].noise_type,generated_audio_sources,str,scalar,,target.sources.source_kind | target.sources.auditory_stimulus_type | target.sources.noise_type,3,partial_or_proxy_current_input | typed_current_input,source_provenance | stimulus_type,current_toolkit_input_dictionary.csv::design.noises[].noise_type,study_instance_current_toolkit_input_matrix.csv::design.noises[].noise_type
design.noises[].azimuth_deg,generated_audio_sources,float,scalar,degrees,,0,,,current_toolkit_input_dictionary.csv::design.noises[].azimuth_deg,study_instance_current_toolkit_input_matrix.csv::design.noises[].azimuth_deg
design.noises[].elevation_deg,generated_audio_sources,float,scalar,degrees,,0,,,current_toolkit_input_dictionary.csv::design.noises[].elevation_deg,study_instance_current_toolkit_input_matrix.csv::design.noises[].elevation_deg
design.noises[].gain,generated_audio_sources,float,scalar,,target.sources.source_gain_linear,1,typed_current_input,gain_envelope,current_toolkit_input_dictionary.csv::design.noises[].gain,study_instance_current_toolkit_input_matrix.csv::design.noises[].gain
design.noises[].source_profile,generated_audio_sources,str,scalar,,target.sources.source_profile,1,typed_current_input,source_provenance,current_toolkit_input_dictionary.csv::design.noises[].source_profile,study_instance_current_toolkit_input_matrix.csv::design.noises[].source_profile
design.noises[].source_profile_parameters,generated_audio_sources,"dict[str, Any]",object,,target.sources.burst_count_mode | target.sources.burst_count | target.sources.burst_duration_ms | target.sources.burst_rise_fall_ms | target.sources.burst_period_ms | target.sources.burst_onset_ms | target.sources.burst_active_window_ms | target.sources.burst_spacing_policy,8,untyped_object_container_only,stimulus_duration,current_toolkit_input_dictionary.csv::design.noises[].source_profile_parameters,study_instance_current_toolkit_input_matrix.csv::design.noises[].source_profile_parameters
design.noises[].prebaked_path,generated_audio_sources,str,scalar,,,0,,,current_toolkit_input_dictionary.csv::design.noises[].prebaked_path,study_instance_current_toolkit_input_matrix.csv::design.noises[].prebaked_path
design.noises[].sequence_order,generated_audio_sources,int,scalar,,,0,,,current_toolkit_input_dictionary.csv::design.noises[].sequence_order,study_instance_current_toolkit_input_matrix.csv::design.noises[].sequence_order
design.noises[].motion_mode,generated_audio_sources,str,scalar,,target.sources.source_motion_mode,1,typed_current_input,auditory_conditions,current_toolkit_input_dictionary.csv::design.noises[].motion_mode,study_instance_current_toolkit_input_matrix.csv::design.noises[].motion_mode
design.noises[].trajectory_snapshot,generated_audio_sources,"dict[str, Any]",object,,target.trajectories.trajectory_count | target.trajectories.trajectory_family | target.trajectories.trajectory_direction | target.trajectories.coordinate_mode | target.trajectories.coordinate_frame | target.trajectories.start_distance_cm | target.trajectories.end_distance_cm | target.trajectories.start_xyz_m | target.trajectories.end_xyz_m | target.trajectories.path_length_m | target.trajectories.speed_mps | target.trajectories.azimuth_start_deg | target.trajectories.azimuth_end_deg | target.trajectories.elevation_start_deg | target.trajectories.elevation_end_deg | target.trajectories.pre_hold_ms | target.trajectories.post_hold_ms | target.trajectories.inverse_square_enabled | target.trajectories.attenuation_gain_law | target.trajectories.body_anchor | target.trajectories.body_part | target.trajectories.body_side | target.trajectories.spatial_hemifield | target.trajectories.body_relative_axis | target.trajectories.participant_posture | target.trajectories.head_trunk_facing | target.trajectories.gaze_fixation_eyes_policy | target.trajectories.source_room_positions | target.trajectories.movement_implementation,29,derived_not_input | untyped_object_container_only | partial_or_proxy_current_input,trajectory_count | trajectory_path | stimulus_speed | stimulus_duration | gain_envelope,current_toolkit_input_dictionary.csv::design.noises[].trajectory_snapshot,study_instance_current_toolkit_input_matrix.csv::design.noises[].trajectory_snapshot
design.custom_looming_files[].label,custom_looming_audio_sources,str,scalar,,target.sources.source_count | target.sources.source_labels | target.sources.auditory_condition_labels | target.trajectories.trajectory_labels,4,derived_not_input | composite_over_typed_current_inputs | partial_or_proxy_current_input,trajectory_count | auditory_conditions | trajectory_path,current_toolkit_input_dictionary.csv::design.custom_looming_files[].label,study_instance_current_toolkit_input_matrix.csv::design.custom_looming_files[].label
design.custom_looming_files[].path,custom_looming_audio_sources,str,scalar,,,0,,,current_toolkit_input_dictionary.csv::design.custom_looming_files[].path,study_instance_current_toolkit_input_matrix.csv::design.custom_looming_files[].path
design.custom_looming_files[].target_duration_s,custom_looming_audio_sources,float,scalar,s,target.sources.source_duration_ms,1,partial_or_proxy_current_input,stimulus_duration,current_toolkit_input_dictionary.csv::design.custom_looming_files[].target_duration_s,study_instance_current_toolkit_input_matrix.csv::design.custom_looming_files[].target_duration_s
design.custom_looming_files[].render_mode,custom_looming_audio_sources,str,scalar,,target.sources.source_kind | target.sources.import_render_mode,2,partial_or_proxy_current_input | typed_current_input,source_provenance,current_toolkit_input_dictionary.csv::design.custom_looming_files[].render_mode,study_instance_current_toolkit_input_matrix.csv::design.custom_looming_files[].render_mode
design.custom_looming_files[].tone_type,custom_looming_audio_sources,str,scalar,,target.sources.auditory_stimulus_type | target.sources.tone_type,2,partial_or_proxy_current_input | typed_current_input,stimulus_type,current_toolkit_input_dictionary.csv::design.custom_looming_files[].tone_type,study_instance_current_toolkit_input_matrix.csv::design.custom_looming_files[].tone_type
design.custom_looming_files[].gain,custom_looming_audio_sources,float,scalar,,target.sources.source_gain_linear,1,typed_current_input,gain_envelope,current_toolkit_input_dictionary.csv::design.custom_looming_files[].gain,study_instance_current_toolkit_input_matrix.csv::design.custom_looming_files[].gain
design.custom_looming_files[].placement,custom_looming_audio_sources,str,scalar,,,0,,,current_toolkit_input_dictionary.csv::design.custom_looming_files[].placement,study_instance_current_toolkit_input_matrix.csv::design.custom_looming_files[].placement
design.custom_looming_files[].target_source_label,custom_looming_audio_sources,str,scalar,,,0,,,current_toolkit_input_dictionary.csv::design.custom_looming_files[].target_source_label,study_instance_current_toolkit_input_matrix.csv::design.custom_looming_files[].target_source_label
design.custom_looming_files[].phase,custom_looming_audio_sources,str,scalar,,,0,,,current_toolkit_input_dictionary.csv::design.custom_looming_files[].phase,study_instance_current_toolkit_input_matrix.csv::design.custom_looming_files[].phase
design.custom_looming_files[].gap_s,custom_looming_audio_sources,float,scalar,s,,0,,,current_toolkit_input_dictionary.csv::design.custom_looming_files[].gap_s,study_instance_current_toolkit_input_matrix.csv::design.custom_looming_files[].gap_s
design.custom_looming_files[].sequence_order,custom_looming_audio_sources,int,scalar,,,0,,,current_toolkit_input_dictionary.csv::design.custom_looming_files[].sequence_order,study_instance_current_toolkit_input_matrix.csv::design.custom_looming_files[].sequence_order
design.custom_looming_files[].motion_mode,custom_looming_audio_sources,str,scalar,,target.sources.source_motion_mode,1,typed_current_input,auditory_conditions,current_toolkit_input_dictionary.csv::design.custom_looming_files[].motion_mode,study_instance_current_toolkit_input_matrix.csv::design.custom_looming_files[].motion_mode
design.custom_looming_files[].trajectory_snapshot,custom_looming_audio_sources,"dict[str, Any]",object,,target.trajectories.trajectory_count | target.trajectories.trajectory_family | target.trajectories.trajectory_direction | target.trajectories.coordinate_mode | target.trajectories.coordinate_frame | target.trajectories.start_distance_cm | target.trajectories.end_distance_cm | target.trajectories.start_xyz_m | target.trajectories.end_xyz_m | target.trajectories.path_length_m | target.trajectories.speed_mps | target.trajectories.azimuth_start_deg | target.trajectories.azimuth_end_deg | target.trajectories.elevation_start_deg | target.trajectories.elevation_end_deg | target.trajectories.pre_hold_ms | target.trajectories.post_hold_ms | target.trajectories.inverse_square_enabled | target.trajectories.attenuation_gain_law | target.trajectories.body_anchor | target.trajectories.body_part | target.trajectories.body_side | target.trajectories.spatial_hemifield | target.trajectories.body_relative_axis | target.trajectories.participant_posture | target.trajectories.head_trunk_facing | target.trajectories.gaze_fixation_eyes_policy | target.trajectories.source_room_positions | target.trajectories.movement_implementation,29,derived_not_input | untyped_object_container_only | partial_or_proxy_current_input,trajectory_count | trajectory_path | stimulus_speed | stimulus_duration | gain_envelope,current_toolkit_input_dictionary.csv::design.custom_looming_files[].trajectory_snapshot,study_instance_current_toolkit_input_matrix.csv::design.custom_looming_files[].trajectory_snapshot
design.custom_looming_files[].display_color_hex,custom_looming_audio_sources,str,scalar,,,0,,,current_toolkit_input_dictionary.csv::design.custom_looming_files[].display_color_hex,study_instance_current_toolkit_input_matrix.csv::design.custom_looming_files[].display_color_hex
design.custom_looming_files[].source_input_path,custom_looming_audio_sources,str,scalar,,,0,,,current_toolkit_input_dictionary.csv::design.custom_looming_files[].source_input_path,study_instance_current_toolkit_input_matrix.csv::design.custom_looming_files[].source_input_path
design.prestimulus_files[].label,prestimulus_audio_sources,str,scalar,,target.sources.source_count | target.sources.source_labels | target.sources.auditory_condition_labels | target.trajectories.trajectory_labels,4,derived_not_input | composite_over_typed_current_inputs | partial_or_proxy_current_input,trajectory_count | auditory_conditions | trajectory_path,current_toolkit_input_dictionary.csv::design.prestimulus_files[].label,study_instance_current_toolkit_input_matrix.csv::design.prestimulus_files[].label
design.prestimulus_files[].path,prestimulus_audio_sources,str,scalar,,,0,,,current_toolkit_input_dictionary.csv::design.prestimulus_files[].path,study_instance_current_toolkit_input_matrix.csv::design.prestimulus_files[].path
design.prestimulus_files[].target_duration_s,prestimulus_audio_sources,float,scalar,s,target.sources.source_duration_ms,1,partial_or_proxy_current_input,stimulus_duration,current_toolkit_input_dictionary.csv::design.prestimulus_files[].target_duration_s,study_instance_current_toolkit_input_matrix.csv::design.prestimulus_files[].target_duration_s
design.prestimulus_files[].render_mode,prestimulus_audio_sources,str,scalar,,target.sources.source_kind | target.sources.import_render_mode,2,partial_or_proxy_current_input | typed_current_input,source_provenance,current_toolkit_input_dictionary.csv::design.prestimulus_files[].render_mode,study_instance_current_toolkit_input_matrix.csv::design.prestimulus_files[].render_mode
design.prestimulus_files[].tone_type,prestimulus_audio_sources,str,scalar,,target.sources.auditory_stimulus_type | target.sources.tone_type,2,partial_or_proxy_current_input | typed_current_input,stimulus_type,current_toolkit_input_dictionary.csv::design.prestimulus_files[].tone_type,study_instance_current_toolkit_input_matrix.csv::design.prestimulus_files[].tone_type
design.prestimulus_files[].gain,prestimulus_audio_sources,float,scalar,,target.sources.source_gain_linear,1,typed_current_input,gain_envelope,current_toolkit_input_dictionary.csv::design.prestimulus_files[].gain,study_instance_current_toolkit_input_matrix.csv::design.prestimulus_files[].gain
design.prestimulus_files[].placement,prestimulus_audio_sources,str,scalar,,,0,,,current_toolkit_input_dictionary.csv::design.prestimulus_files[].placement,study_instance_current_toolkit_input_matrix.csv::design.prestimulus_files[].placement
design.prestimulus_files[].target_source_label,prestimulus_audio_sources,str,scalar,,,0,,,current_toolkit_input_dictionary.csv::design.prestimulus_files[].target_source_label,study_instance_current_toolkit_input_matrix.csv::design.prestimulus_files[].target_source_label
design.prestimulus_files[].phase,prestimulus_audio_sources,str,scalar,,,0,,,current_toolkit_input_dictionary.csv::design.prestimulus_files[].phase,study_instance_current_toolkit_input_matrix.csv::design.prestimulus_files[].phase
design.prestimulus_files[].gap_s,prestimulus_audio_sources,float,scalar,s,,0,,,current_toolkit_input_dictionary.csv::design.prestimulus_files[].gap_s,study_instance_current_toolkit_input_matrix.csv::design.prestimulus_files[].gap_s
design.prestimulus_files[].sequence_order,prestimulus_audio_sources,int,scalar,,,0,,,current_toolkit_input_dictionary.csv::design.prestimulus_files[].sequence_order,study_instance_current_toolkit_input_matrix.csv::design.prestimulus_files[].sequence_order
design.prestimulus_files[].motion_mode,prestimulus_audio_sources,str,scalar,,target.sources.source_motion_mode,1,typed_current_input,auditory_conditions,current_toolkit_input_dictionary.csv::design.prestimulus_files[].motion_mode,study_instance_current_toolkit_input_matrix.csv::design.prestimulus_files[].motion_mode
design.prestimulus_files[].trajectory_snapshot,prestimulus_audio_sources,"dict[str, Any]",object,,target.trajectories.trajectory_count | target.trajectories.trajectory_family | target.trajectories.trajectory_direction | target.trajectories.coordinate_mode | target.trajectories.coordinate_frame | target.trajectories.start_distance_cm | target.trajectories.end_distance_cm | target.trajectories.start_xyz_m | target.trajectories.end_xyz_m | target.trajectories.path_length_m | target.trajectories.speed_mps | target.trajectories.azimuth_start_deg | target.trajectories.azimuth_end_deg | target.trajectories.elevation_start_deg | target.trajectories.elevation_end_deg | target.trajectories.pre_hold_ms | target.trajectories.post_hold_ms | target.trajectories.inverse_square_enabled | target.trajectories.attenuation_gain_law | target.trajectories.body_anchor | target.trajectories.body_part | target.trajectories.body_side | target.trajectories.spatial_hemifield | target.trajectories.body_relative_axis | target.trajectories.participant_posture | target.trajectories.head_trunk_facing | target.trajectories.gaze_fixation_eyes_policy | target.trajectories.source_room_positions | target.trajectories.movement_implementation,29,derived_not_input | untyped_object_container_only | partial_or_proxy_current_input,trajectory_count | trajectory_path | stimulus_speed | stimulus_duration | gain_envelope,current_toolkit_input_dictionary.csv::design.prestimulus_files[].trajectory_snapshot,study_instance_current_toolkit_input_matrix.csv::design.prestimulus_files[].trajectory_snapshot
design.prestimulus_files[].display_color_hex,prestimulus_audio_sources,str,scalar,,,0,,,current_toolkit_input_dictionary.csv::design.prestimulus_files[].display_color_hex,study_instance_current_toolkit_input_matrix.csv::design.prestimulus_files[].display_color_hex
design.prestimulus_files[].source_input_path,prestimulus_audio_sources,str,scalar,,,0,,,current_toolkit_input_dictionary.csv::design.prestimulus_files[].source_input_path,study_instance_current_toolkit_input_matrix.csv::design.prestimulus_files[].source_input_path
design.trajectory.start_radius_m,trajectory,float,scalar,m,target.trajectories.start_distance_cm,1,partial_or_proxy_current_input,trajectory_path,current_toolkit_input_dictionary.csv::design.trajectory.start_radius_m,study_instance_current_toolkit_input_matrix.csv::design.trajectory.start_radius_m
design.trajectory.end_radius_m,trajectory,float,scalar,m,target.trajectories.end_distance_cm,1,partial_or_proxy_current_input,trajectory_path,current_toolkit_input_dictionary.csv::design.trajectory.end_radius_m,study_instance_current_toolkit_input_matrix.csv::design.trajectory.end_radius_m
design.trajectory.path_direction,trajectory,str,scalar,,target.trajectories.trajectory_direction,1,partial_or_proxy_current_input,trajectory_path,current_toolkit_input_dictionary.csv::design.trajectory.path_direction,study_instance_current_toolkit_input_matrix.csv::design.trajectory.path_direction
design.trajectory.coordinate_mode,trajectory,str,scalar,,target.trajectories.coordinate_mode,1,partial_or_proxy_current_input,trajectory_path,current_toolkit_input_dictionary.csv::design.trajectory.coordinate_mode,study_instance_current_toolkit_input_matrix.csv::design.trajectory.coordinate_mode
design.trajectory.start_x_m,trajectory,float | None,scalar,m,target.trajectories.start_xyz_m,1,partial_or_proxy_current_input,trajectory_path,current_toolkit_input_dictionary.csv::design.trajectory.start_x_m,study_instance_current_toolkit_input_matrix.csv::design.trajectory.start_x_m
design.trajectory.start_y_m,trajectory,float | None,scalar,m,target.trajectories.start_xyz_m,1,partial_or_proxy_current_input,trajectory_path,current_toolkit_input_dictionary.csv::design.trajectory.start_y_m,study_instance_current_toolkit_input_matrix.csv::design.trajectory.start_y_m
design.trajectory.start_z_m,trajectory,float | None,scalar,m,target.trajectories.start_xyz_m,1,partial_or_proxy_current_input,trajectory_path,current_toolkit_input_dictionary.csv::design.trajectory.start_z_m,study_instance_current_toolkit_input_matrix.csv::design.trajectory.start_z_m
design.trajectory.end_x_m,trajectory,float | None,scalar,m,target.trajectories.end_xyz_m,1,partial_or_proxy_current_input,trajectory_path,current_toolkit_input_dictionary.csv::design.trajectory.end_x_m,study_instance_current_toolkit_input_matrix.csv::design.trajectory.end_x_m
design.trajectory.end_y_m,trajectory,float | None,scalar,m,target.trajectories.end_xyz_m,1,partial_or_proxy_current_input,trajectory_path,current_toolkit_input_dictionary.csv::design.trajectory.end_y_m,study_instance_current_toolkit_input_matrix.csv::design.trajectory.end_y_m
design.trajectory.end_z_m,trajectory,float | None,scalar,m,target.trajectories.end_xyz_m,1,partial_or_proxy_current_input,trajectory_path,current_toolkit_input_dictionary.csv::design.trajectory.end_z_m,study_instance_current_toolkit_input_matrix.csv::design.trajectory.end_z_m
design.trajectory.path_length_m,trajectory,float,scalar,m,target.trajectories.path_length_m | target.trajectories.movement_duration_ms,2,partial_or_proxy_current_input | derived_not_input,trajectory_path | stimulus_duration,current_toolkit_input_dictionary.csv::design.trajectory.path_length_m,study_instance_current_toolkit_input_matrix.csv::design.trajectory.path_length_m
design.trajectory.propagation_speed_mps,trajectory,float,scalar,m/s,target.trajectories.speed_mps | target.trajectories.movement_duration_ms,2,partial_or_proxy_current_input | derived_not_input,stimulus_speed | stimulus_duration,current_toolkit_input_dictionary.csv::design.trajectory.propagation_speed_mps,study_instance_current_toolkit_input_matrix.csv::design.trajectory.propagation_speed_mps
design.trajectory.azimuth_start_deg,trajectory,float,scalar,degrees,target.trajectories.azimuth_start_deg,1,partial_or_proxy_current_input,trajectory_path,current_toolkit_input_dictionary.csv::design.trajectory.azimuth_start_deg,study_instance_current_toolkit_input_matrix.csv::design.trajectory.azimuth_start_deg
design.trajectory.azimuth_end_deg,trajectory,float,scalar,degrees,target.trajectories.azimuth_end_deg,1,partial_or_proxy_current_input,trajectory_path,current_toolkit_input_dictionary.csv::design.trajectory.azimuth_end_deg,study_instance_current_toolkit_input_matrix.csv::design.trajectory.azimuth_end_deg
design.trajectory.elevation_deg,trajectory,float,scalar,degrees,target.trajectories.elevation_start_deg | target.trajectories.elevation_end_deg,2,partial_or_proxy_current_input,trajectory_path,current_toolkit_input_dictionary.csv::design.trajectory.elevation_deg,study_instance_current_toolkit_input_matrix.csv::design.trajectory.elevation_deg
design.trajectory.padding_pre_s,trajectory,float,scalar,s,target.trajectories.pre_hold_ms,1,partial_or_proxy_current_input,stimulus_duration,current_toolkit_input_dictionary.csv::design.trajectory.padding_pre_s,study_instance_current_toolkit_input_matrix.csv::design.trajectory.padding_pre_s
design.trajectory.padding_post_s,trajectory,float,scalar,s,target.trajectories.post_hold_ms,1,partial_or_proxy_current_input,stimulus_duration,current_toolkit_input_dictionary.csv::design.trajectory.padding_post_s,study_instance_current_toolkit_input_matrix.csv::design.trajectory.padding_post_s
design.trajectory.sample_rate,trajectory,int,scalar,Hz,target.sources.source_sample_rate_hz,1,partial_or_proxy_current_input,source_provenance,current_toolkit_input_dictionary.csv::design.trajectory.sample_rate,study_instance_current_toolkit_input_matrix.csv::design.trajectory.sample_rate
design.trajectory.use_inverse_square,trajectory,bool,scalar,,target.trajectories.inverse_square_enabled | target.trajectories.attenuation_gain_law,2,partial_or_proxy_current_input,gain_envelope,current_toolkit_input_dictionary.csv::design.trajectory.use_inverse_square,study_instance_current_toolkit_input_matrix.csv::design.trajectory.use_inverse_square
design.protocol.repetitions_per_condition,protocol,int,scalar,,target.trial_pool.repetitions_per_condition | target.trial_pool.exact_family_counts | target.trial_pool.total_trial_count,3,typed_current_input | derived_not_input,repetitions_per_tactile_soa_condition | total_trial_count,current_toolkit_input_dictionary.csv::design.protocol.repetitions_per_condition,study_instance_current_toolkit_input_matrix.csv::design.protocol.repetitions_per_condition
design.protocol.trial_pool_repetition_defaults,protocol,"dict[str, float]",object,,target.trial_pool.repetition_defaults_by_family | target.trial_pool.exact_family_counts | target.trial_pool.total_trial_count,3,typed_current_input | derived_not_input,repetitions_per_tactile_soa_condition | total_trial_count,current_toolkit_input_dictionary.csv::design.protocol.trial_pool_repetition_defaults,study_instance_current_toolkit_input_matrix.csv::design.protocol.trial_pool_repetition_defaults
design.protocol.soa_values_ms,protocol,list[int],array,ms,target.trajectories.distance_or_soa_anchor_table | target.tactile_protocol.soa_values_ms,2,composite_over_typed_current_inputs | typed_current_input,trajectory_path | soa_table,current_toolkit_input_dictionary.csv::design.protocol.soa_values_ms,study_instance_current_toolkit_input_matrix.csv::design.protocol.soa_values_ms
design.protocol.spatial_values_cm,protocol,list[float],array,cm,target.trajectories.distance_or_soa_anchor_table | target.tactile_protocol.spatial_values_cm | target.tactile_protocol.distance_at_touch_values_cm,3,composite_over_typed_current_inputs | typed_current_input | partial_or_proxy_current_input,trajectory_path | soa_table,current_toolkit_input_dictionary.csv::design.protocol.spatial_values_cm,study_instance_current_toolkit_input_matrix.csv::design.protocol.spatial_values_cm
design.protocol.pair_spatial_values_with_soas,protocol,bool,scalar,,target.trajectories.distance_or_soa_anchor_table | target.tactile_protocol.pair_spatial_values_with_soas,2,composite_over_typed_current_inputs | typed_current_input,trajectory_path | soa_table,current_toolkit_input_dictionary.csv::design.protocol.pair_spatial_values_with_soas,study_instance_current_toolkit_input_matrix.csv::design.protocol.pair_spatial_values_with_soas
design.protocol.auditory_motion_directions,protocol,list[str],array,,,0,,,current_toolkit_input_dictionary.csv::design.protocol.auditory_motion_directions,study_instance_current_toolkit_input_matrix.csv::design.protocol.auditory_motion_directions
design.protocol.tactile_sites,protocol,list[str],array,,target.tactile_protocol.tactile_present | target.tactile_protocol.tactile_site,2,partial_or_proxy_current_input | typed_current_input,tactile_stimulus,current_toolkit_input_dictionary.csv::design.protocol.tactile_sites,study_instance_current_toolkit_input_matrix.csv::design.protocol.tactile_sites
design.protocol.include_catch_trials,protocol,bool,scalar,,target.tactile_protocol.catch_enabled | target.tactile_protocol.catch_type,2,typed_current_input | partial_or_proxy_current_input,catch_trial_type,current_toolkit_input_dictionary.csv::design.protocol.include_catch_trials,study_instance_current_toolkit_input_matrix.csv::design.protocol.include_catch_trials
design.protocol.catch_trial_percentage,protocol,float,scalar,percent,target.trial_pool.catch_percentage,1,typed_current_input,catch_count,current_toolkit_input_dictionary.csv::design.protocol.catch_trial_percentage,study_instance_current_toolkit_input_matrix.csv::design.protocol.catch_trial_percentage
design.protocol.catch_trials_exact,protocol,int | None,scalar,,target.trial_pool.catch_count_exact | target.trial_pool.total_trial_count,2,typed_current_input | derived_not_input,catch_count | total_trial_count,current_toolkit_input_dictionary.csv::design.protocol.catch_trials_exact,study_instance_current_toolkit_input_matrix.csv::design.protocol.catch_trials_exact
design.protocol.catch_crosses_sequence_variants,protocol,bool,scalar,,target.trial_pool.catch_crosses_sequence_variants,1,typed_current_input,catch_count,current_toolkit_input_dictionary.csv::design.protocol.catch_crosses_sequence_variants,study_instance_current_toolkit_input_matrix.csv::design.protocol.catch_crosses_sequence_variants
design.protocol.include_auditory_only_trials,protocol,bool,scalar,,target.tactile_protocol.auditory_only_enabled,1,typed_current_input,catch_trial_type,current_toolkit_input_dictionary.csv::design.protocol.include_auditory_only_trials,study_instance_current_toolkit_input_matrix.csv::design.protocol.include_auditory_only_trials
design.protocol.auditory_only_trial_percentage,protocol,float,scalar,percent,target.trial_pool.auditory_only_percentage,1,typed_current_input,catch_count,current_toolkit_input_dictionary.csv::design.protocol.auditory_only_trial_percentage,study_instance_current_toolkit_input_matrix.csv::design.protocol.auditory_only_trial_percentage
design.protocol.auditory_only_trials_exact,protocol,int | None,scalar,,target.trial_pool.auditory_only_count_exact | target.trial_pool.total_trial_count,2,typed_current_input | derived_not_input,catch_count | total_trial_count,current_toolkit_input_dictionary.csv::design.protocol.auditory_only_trials_exact,study_instance_current_toolkit_input_matrix.csv::design.protocol.auditory_only_trials_exact
design.protocol.auditory_only_crosses_sequence_variants,protocol,bool,scalar,,target.trial_pool.auditory_only_crosses_sequence_variants,1,typed_current_input,catch_count,current_toolkit_input_dictionary.csv::design.protocol.auditory_only_crosses_sequence_variants,study_instance_current_toolkit_input_matrix.csv::design.protocol.auditory_only_crosses_sequence_variants
design.protocol.include_baseline_trials,protocol,bool,scalar,,target.tactile_protocol.baseline_enabled,1,typed_current_input,baseline_strategy,current_toolkit_input_dictionary.csv::design.protocol.include_baseline_trials,study_instance_current_toolkit_input_matrix.csv::design.protocol.include_baseline_trials
design.protocol.baseline_strategy,protocol,str,scalar,,target.tactile_protocol.baseline_strategy,1,typed_current_input,baseline_strategy,current_toolkit_input_dictionary.csv::design.protocol.baseline_strategy,study_instance_current_toolkit_input_matrix.csv::design.protocol.baseline_strategy
design.protocol.baseline_trials_exact,protocol,int | None,scalar,,target.trial_pool.baseline_count_exact | target.trial_pool.total_trial_count,2,typed_current_input | derived_not_input,baseline_count | total_trial_count,current_toolkit_input_dictionary.csv::design.protocol.baseline_trials_exact,study_instance_current_toolkit_input_matrix.csv::design.protocol.baseline_trials_exact
design.protocol.baseline_trial_percentage,protocol,float,scalar,percent,target.trial_pool.baseline_percentage,1,typed_current_input,baseline_count,current_toolkit_input_dictionary.csv::design.protocol.baseline_trial_percentage,study_instance_current_toolkit_input_matrix.csv::design.protocol.baseline_trial_percentage
design.protocol.baseline_soa_values_ms,protocol,list[int],array,ms,target.tactile_protocol.baseline_soa_values_ms,1,typed_current_input,baseline_timing,current_toolkit_input_dictionary.csv::design.protocol.baseline_soa_values_ms,study_instance_current_toolkit_input_matrix.csv::design.protocol.baseline_soa_values_ms
design.protocol.baseline_custom_trial_mode,protocol,str,scalar,,target.tactile_protocol.baseline_custom_trial_mode,1,typed_current_input,baseline_strategy,current_toolkit_input_dictionary.csv::design.protocol.baseline_custom_trial_mode,study_instance_current_toolkit_input_matrix.csv::design.protocol.baseline_custom_trial_mode
design.protocol.baseline_crosses_sequence_variants,protocol,bool,scalar,,target.trial_pool.baseline_crosses_sequence_variants,1,typed_current_input,baseline_count,current_toolkit_input_dictionary.csv::design.protocol.baseline_crosses_sequence_variants,study_instance_current_toolkit_input_matrix.csv::design.protocol.baseline_crosses_sequence_variants
design.protocol.respiratory_phases,protocol,list[str],array,,,0,,,current_toolkit_input_dictionary.csv::design.protocol.respiratory_phases,study_instance_current_toolkit_input_matrix.csv::design.protocol.respiratory_phases
design.protocol.blocks,protocol,int,scalar,,target.block_design.block_count | target.block_design.per_block_trial_counts,2,typed_current_input | derived_not_input,block_count,current_toolkit_input_dictionary.csv::design.protocol.blocks,study_instance_current_toolkit_input_matrix.csv::design.protocol.blocks
design.protocol.block_specs[].label,block_specs,str,scalar,,target.block_design.block_labels,1,typed_current_input,,current_toolkit_input_dictionary.csv::design.protocol.block_specs[].label,study_instance_current_toolkit_input_matrix.csv::design.protocol.block_specs[].label
design.protocol.block_specs[].stimulus_types,block_specs,list[str],array,,target.block_design.block_stimulus_types | target.block_design.per_block_trial_counts,2,typed_current_input | derived_not_input,,current_toolkit_input_dictionary.csv::design.protocol.block_specs[].stimulus_types,study_instance_current_toolkit_input_matrix.csv::design.protocol.block_specs[].stimulus_types
design.protocol.repeat_trial_pool_per_block,protocol,bool,scalar,,target.block_design.repeat_trial_pool_per_block,1,typed_current_input,,current_toolkit_input_dictionary.csv::design.protocol.repeat_trial_pool_per_block,study_instance_current_toolkit_input_matrix.csv::design.protocol.repeat_trial_pool_per_block
design.protocol.distribute_trial_pool_across_blocks,protocol,bool,scalar,,target.block_design.distribute_trial_pool_across_blocks,1,typed_current_input,,current_toolkit_input_dictionary.csv::design.protocol.distribute_trial_pool_across_blocks,study_instance_current_toolkit_input_matrix.csv::design.protocol.distribute_trial_pool_across_blocks
design.protocol.trial_strips[].strip_id,trial_strips,str,scalar,,target.trial_sequence.trial_row_count | target.trial_sequence.row_ids | target.trial_sequence.row_order,3,derived_not_input | typed_current_input | partial_or_proxy_current_input,trial_rows_families,current_toolkit_input_dictionary.csv::design.protocol.trial_strips[].strip_id,study_instance_current_toolkit_input_matrix.csv::design.protocol.trial_strips[].strip_id
design.protocol.trial_strips[].label,trial_strips,str,scalar,,target.trial_sequence.row_labels,1,typed_current_input,trial_rows_families,current_toolkit_input_dictionary.csv::design.protocol.trial_strips[].label,study_instance_current_toolkit_input_matrix.csv::design.protocol.trial_strips[].label
design.protocol.trial_strips[].audio_tactile_percentage,trial_strips,float | None,scalar,percent,target.trial_sequence.row_audio_tactile_percentage,1,typed_current_input,trial_rows_families,current_toolkit_input_dictionary.csv::design.protocol.trial_strips[].audio_tactile_percentage,study_instance_current_toolkit_input_matrix.csv::design.protocol.trial_strips[].audio_tactile_percentage
design.protocol.trial_strips[].catch_percentage,trial_strips,float | None,scalar,percent,target.trial_sequence.row_catch_percentage,1,typed_current_input,trial_rows_families,current_toolkit_input_dictionary.csv::design.protocol.trial_strips[].catch_percentage,study_instance_current_toolkit_input_matrix.csv::design.protocol.trial_strips[].catch_percentage
design.protocol.trial_strips[].baseline_percentage,trial_strips,float | None,scalar,percent,target.trial_sequence.row_baseline_percentage,1,typed_current_input,trial_rows_families,current_toolkit_input_dictionary.csv::design.protocol.trial_strips[].baseline_percentage,study_instance_current_toolkit_input_matrix.csv::design.protocol.trial_strips[].baseline_percentage
design.protocol.trial_strips[].soa_values_ms,trial_strips,list[int],array,ms,target.trial_sequence.row_soa_overrides_ms | target.tactile_protocol.soa_values_ms,2,typed_current_input,trial_rows_families | soa_table,current_toolkit_input_dictionary.csv::design.protocol.trial_strips[].soa_values_ms,study_instance_current_toolkit_input_matrix.csv::design.protocol.trial_strips[].soa_values_ms
design.protocol.trial_strips[].spatial_values_cm,trial_strips,list[float],array,cm,target.trial_sequence.row_spatial_overrides_cm | target.tactile_protocol.spatial_values_cm | target.tactile_protocol.distance_at_touch_values_cm,3,typed_current_input | partial_or_proxy_current_input,trial_rows_families | soa_table,current_toolkit_input_dictionary.csv::design.protocol.trial_strips[].spatial_values_cm,study_instance_current_toolkit_input_matrix.csv::design.protocol.trial_strips[].spatial_values_cm
design.protocol.trial_strips[].metadata,trial_strips,"dict[str, Any]",object,,target.trial_sequence.sequence_variant_count | target.trial_sequence.sequence_variant_keys | target.trial_sequence.iti_policy | target.trial_sequence.iti_values_or_range_ms | target.trial_sequence.iti_distribution | target.trial_sequence.pre_sound_silence_ms | target.trial_sequence.post_sound_silence_ms | target.trial_sequence.foreperiod_ms | target.trial_sequence.condition_intermixing | target.trial_sequence.task_sequence_rules | target.trial_sequence.hazard_control_policy | target.trial_sequence.expectancy_control_role | target.block_design.row_order_constraints | target.block_design.within_family_queue_policy | target.block_design.condition_blocking_or_intermixing,15,untyped_object_container_only,trial_rows_families | iti_jitter_policy | condition_intermixing | task_sequence_rules | blocked_or_random_order,current_toolkit_input_dictionary.csv::design.protocol.trial_strips[].metadata,study_instance_current_toolkit_input_matrix.csv::design.protocol.trial_strips[].metadata
design.protocol.trial_strips[].elements[].element_id,trial_strip_elements,str,scalar,,target.trial_sequence.sequence_elements,1,composite_over_typed_current_inputs,trial_rows_families,current_toolkit_input_dictionary.csv::design.protocol.trial_strips[].elements[].element_id,study_instance_current_toolkit_input_matrix.csv::design.protocol.trial_strips[].elements[].element_id
design.protocol.trial_strips[].elements[].kind,trial_strip_elements,str,scalar,,target.trial_sequence.sequence_elements,1,composite_over_typed_current_inputs,trial_rows_families,current_toolkit_input_dictionary.csv::design.protocol.trial_strips[].elements[].kind,study_instance_current_toolkit_input_matrix.csv::design.protocol.trial_strips[].elements[].kind
design.protocol.trial_strips[].elements[].label,trial_strip_elements,str,scalar,,target.trial_sequence.sequence_elements,1,composite_over_typed_current_inputs,trial_rows_families,current_toolkit_input_dictionary.csv::design.protocol.trial_strips[].elements[].label,study_instance_current_toolkit_input_matrix.csv::design.protocol.trial_strips[].elements[].label
design.protocol.trial_strips[].elements[].source_label,trial_strip_elements,str,scalar,,target.trial_sequence.sequence_elements,1,composite_over_typed_current_inputs,trial_rows_families,current_toolkit_input_dictionary.csv::design.protocol.trial_strips[].elements[].source_label,study_instance_current_toolkit_input_matrix.csv::design.protocol.trial_strips[].elements[].source_label
design.protocol.trial_strips[].elements[].source_labels,trial_strip_elements,list[str],array,,target.trial_sequence.sequence_elements | target.trial_sequence.source_alternatives,2,composite_over_typed_current_inputs | typed_current_input,trial_rows_families,current_toolkit_input_dictionary.csv::design.protocol.trial_strips[].elements[].source_labels,study_instance_current_toolkit_input_matrix.csv::design.protocol.trial_strips[].elements[].source_labels
design.protocol.trial_strips[].elements[].jitter_values_ms,trial_strip_elements,list[int],array,ms,target.trial_sequence.jitter_values_ms,1,typed_current_input,iti_jitter_policy,current_toolkit_input_dictionary.csv::design.protocol.trial_strips[].elements[].jitter_values_ms,study_instance_current_toolkit_input_matrix.csv::design.protocol.trial_strips[].elements[].jitter_values_ms
design.protocol.trial_strips[].elements[].randomized,trial_strip_elements,bool,scalar,,target.trial_sequence.jitter_randomized,1,typed_current_input,iti_jitter_policy,current_toolkit_input_dictionary.csv::design.protocol.trial_strips[].elements[].randomized,study_instance_current_toolkit_input_matrix.csv::design.protocol.trial_strips[].elements[].randomized
design.protocol.trial_randomization_strategy,protocol,str,scalar,,target.trial_sequence.blocked_or_random_order | target.block_design.trial_randomization_strategy,2,composite_over_typed_current_inputs | typed_current_input,blocked_or_random_order,current_toolkit_input_dictionary.csv::design.protocol.trial_randomization_strategy,study_instance_current_toolkit_input_matrix.csv::design.protocol.trial_randomization_strategy
design.protocol.block_order_randomization,protocol,str,scalar,,target.trial_sequence.blocked_or_random_order | target.block_design.block_order_randomization,2,composite_over_typed_current_inputs | typed_current_input,blocked_or_random_order,current_toolkit_input_dictionary.csv::design.protocol.block_order_randomization,study_instance_current_toolkit_input_matrix.csv::design.protocol.block_order_randomization
design.protocol.max_consecutive_same_trial_type,protocol,int,scalar,,target.block_design.max_consecutive_same_trial_type,1,typed_current_input,blocked_or_random_order,current_toolkit_input_dictionary.csv::design.protocol.max_consecutive_same_trial_type,study_instance_current_toolkit_input_matrix.csv::design.protocol.max_consecutive_same_trial_type
design.protocol.participants,protocol,int,scalar,,target.profile_finalization.order_preview_count,1,typed_current_input,,current_toolkit_input_dictionary.csv::design.protocol.participants,study_instance_current_toolkit_input_matrix.csv::design.protocol.participants
design.protocol.random_seed,protocol,int,scalar,,target.block_design.random_seed | target.profile_finalization.participant_order_seed,2,typed_current_input | untyped_object_container_only,,current_toolkit_input_dictionary.csv::design.protocol.random_seed,study_instance_current_toolkit_input_matrix.csv::design.protocol.random_seed
design.protocol.participant_order_policy,protocol,"dict[str, Any]",object,,target.profile_finalization.participant_order_algorithm | target.profile_finalization.participant_order_version | target.profile_finalization.participant_order_seed,3,untyped_object_container_only,,current_toolkit_input_dictionary.csv::design.protocol.participant_order_policy,study_instance_current_toolkit_input_matrix.csv::design.protocol.participant_order_policy
