target_parameter_path,parameter_group,current_design_binding_state,current_serialized_paths,current_crosswalk_cardinality,current_binding_basis,crosswalk_scope
target.study.study_design_type,Study and profile design,untyped_object_container_only,design.study_profile_reference_parameters,1,untyped study_profile_reference_parameters object; exact key consumption is not guaranteed,current StimulusDesign design_from_dict/design_to_dict contract only
target.study.population_scope,Study and profile design,untyped_object_container_only,design.study_profile_reference_parameters,1,untyped study_profile_reference_parameters object; exact key consumption is not guaranteed,current StimulusDesign design_from_dict/design_to_dict contract only
target.study.planned_sample_n,Study and profile design,untyped_object_container_only,design.study_profile_reference_parameters,1,untyped study_profile_reference_parameters object; exact key consumption is not guaranteed,current StimulusDesign design_from_dict/design_to_dict contract only
target.study.participant_code_policy,Study and profile design,untyped_object_container_only,design.study_profile_reference_parameters,1,untyped study_profile_reference_parameters object; exact key consumption is not guaranteed,current StimulusDesign design_from_dict/design_to_dict contract only
target.study.group_labels,Study and profile design,untyped_object_container_only,design.study_profile_reference_parameters,1,untyped study_profile_reference_parameters object; exact key consumption is not guaranteed,current StimulusDesign design_from_dict/design_to_dict contract only
target.study.condition_labels,Study and profile design,untyped_object_container_only,design.study_profile_reference_parameters,1,untyped study_profile_reference_parameters object; exact key consumption is not guaranteed,current StimulusDesign design_from_dict/design_to_dict contract only
target.study.within_subject_factors,Study and profile design,untyped_object_container_only,design.study_profile_reference_parameters,1,untyped study_profile_reference_parameters object; exact key consumption is not guaranteed,current StimulusDesign design_from_dict/design_to_dict contract only
target.study.between_subject_factors,Study and profile design,untyped_object_container_only,design.study_profile_reference_parameters,1,untyped study_profile_reference_parameters object; exact key consumption is not guaranteed,current StimulusDesign design_from_dict/design_to_dict contract only
target.study.session_timepoints,Study and profile design,untyped_object_container_only,design.study_profile_reference_parameters,1,untyped study_profile_reference_parameters object; exact key consumption is not guaranteed,current StimulusDesign design_from_dict/design_to_dict contract only
target.study.assignment_counterbalancing,Study and profile design,untyped_object_container_only,design.study_profile_reference_parameters,1,untyped study_profile_reference_parameters object; exact key consumption is not guaranteed,current StimulusDesign design_from_dict/design_to_dict contract only
target.study.inclusion_criteria,Study and profile design,untyped_object_container_only,design.study_profile_reference_parameters,1,untyped study_profile_reference_parameters object; exact key consumption is not guaranteed,current StimulusDesign design_from_dict/design_to_dict contract only
target.study.exclusion_criteria,Study and profile design,untyped_object_container_only,design.study_profile_reference_parameters,1,untyped study_profile_reference_parameters object; exact key consumption is not guaranteed,current StimulusDesign design_from_dict/design_to_dict contract only
target.study.eligibility_screening,Study and profile design,untyped_object_container_only,design.study_profile_reference_parameters,1,untyped study_profile_reference_parameters object; exact key consumption is not guaranteed,current StimulusDesign design_from_dict/design_to_dict contract only
target.study.intervention_training,Study and profile design,untyped_object_container_only,design.study_profile_reference_parameters,1,untyped study_profile_reference_parameters object; exact key consumption is not guaranteed,current StimulusDesign design_from_dict/design_to_dict contract only
target.study.tool_condition,Study and profile design,untyped_object_container_only,design.study_profile_reference_parameters,1,untyped study_profile_reference_parameters object; exact key consumption is not guaranteed,current StimulusDesign design_from_dict/design_to_dict contract only
target.study.locomotion_condition,Study and profile design,untyped_object_container_only,design.study_profile_reference_parameters,1,untyped study_profile_reference_parameters object; exact key consumption is not guaranteed,current StimulusDesign design_from_dict/design_to_dict contract only
target.study.social_clinical_context,Study and profile design,untyped_object_container_only,design.study_profile_reference_parameters,1,untyped study_profile_reference_parameters object; exact key consumption is not guaranteed,current StimulusDesign design_from_dict/design_to_dict contract only
target.sources.stimulus_modality_set,Auditory and source definition,not_in_current_design_serializer,,0,no conservative binding to the current StimulusDesign parser/serializer was established,current StimulusDesign design_from_dict/design_to_dict contract only
target.sources.source_count,Auditory and source definition,derived_not_input,design.noises[].label | design.custom_looming_files[].label | design.prestimulus_files[].label,3,count of instantiated source entities; not a serialized scalar,current StimulusDesign design_from_dict/design_to_dict contract only
target.sources.source_labels,Auditory and source definition,composite_over_typed_current_inputs,design.noises[].label | design.custom_looming_files[].label | design.prestimulus_files[].label,3,labels are typed separately for each current source collection,current StimulusDesign design_from_dict/design_to_dict contract only
target.sources.source_kind,Auditory and source definition,partial_or_proxy_current_input,design.noises[].noise_type | design.custom_looming_files[].render_mode | design.prestimulus_files[].render_mode,3,source collection and subtype fields jointly encode kind,current StimulusDesign design_from_dict/design_to_dict contract only
target.sources.auditory_stimulus_type,Auditory and source definition,partial_or_proxy_current_input,design.noises[].noise_type | design.custom_looming_files[].tone_type | design.prestimulus_files[].tone_type,3,current typed subtypes cover only part of the target concept,current StimulusDesign design_from_dict/design_to_dict contract only
target.sources.auditory_condition_labels,Auditory and source definition,composite_over_typed_current_inputs,design.noises[].label | design.custom_looming_files[].label | design.prestimulus_files[].label,3,current source labels are the nearest typed condition identifiers,current StimulusDesign design_from_dict/design_to_dict contract only
target.sources.noise_type,Auditory and source definition,typed_current_input,design.noises[].noise_type,1,explicit semantic crosswalk,current StimulusDesign design_from_dict/design_to_dict contract only
target.sources.tone_type,Auditory and source definition,typed_current_input,design.custom_looming_files[].tone_type | design.prestimulus_files[].tone_type,2,explicit semantic crosswalk,current StimulusDesign design_from_dict/design_to_dict contract only
target.sources.tone_frequency_hz,Auditory and source definition,not_in_current_design_serializer,,0,no conservative binding to the current StimulusDesign parser/serializer was established,current StimulusDesign design_from_dict/design_to_dict contract only
target.sources.semantic_valence_class,Auditory and source definition,untyped_object_container_only,design.study_profile_reference_parameters,1,untyped study_profile_reference_parameters object; exact key consumption is not guaranteed,current StimulusDesign design_from_dict/design_to_dict contract only
target.sources.source_origin_generation_method,Auditory and source definition,untyped_object_container_only,design.study_profile_reference_parameters,1,untyped study_profile_reference_parameters object; exact key consumption is not guaranteed,current StimulusDesign design_from_dict/design_to_dict contract only
target.sources.generation_software_version,Auditory and source definition,untyped_object_container_only,design.study_profile_reference_parameters,1,untyped study_profile_reference_parameters object; exact key consumption is not guaranteed,current StimulusDesign design_from_dict/design_to_dict contract only
target.sources.source_profile,Auditory and source definition,typed_current_input,design.noises[].source_profile,1,explicit semantic crosswalk,current StimulusDesign design_from_dict/design_to_dict contract only
target.sources.burst_count_mode,Auditory and source definition,untyped_object_container_only,design.noises[].source_profile_parameters,1,untyped source_profile_parameters object,current StimulusDesign design_from_dict/design_to_dict contract only
target.sources.burst_count,Auditory and source definition,untyped_object_container_only,design.noises[].source_profile_parameters,1,untyped source_profile_parameters object,current StimulusDesign design_from_dict/design_to_dict contract only
target.sources.burst_duration_ms,Auditory and source definition,untyped_object_container_only,design.noises[].source_profile_parameters,1,untyped source_profile_parameters object,current StimulusDesign design_from_dict/design_to_dict contract only
target.sources.burst_rise_fall_ms,Auditory and source definition,untyped_object_container_only,design.noises[].source_profile_parameters,1,untyped source_profile_parameters object,current StimulusDesign design_from_dict/design_to_dict contract only
target.sources.burst_period_ms,Auditory and source definition,untyped_object_container_only,design.noises[].source_profile_parameters,1,untyped source_profile_parameters object,current StimulusDesign design_from_dict/design_to_dict contract only
target.sources.burst_onset_ms,Auditory and source definition,untyped_object_container_only,design.noises[].source_profile_parameters,1,untyped source_profile_parameters object,current StimulusDesign design_from_dict/design_to_dict contract only
target.sources.burst_active_window_ms,Auditory and source definition,untyped_object_container_only,design.noises[].source_profile_parameters,1,untyped source_profile_parameters object,current StimulusDesign design_from_dict/design_to_dict contract only
target.sources.burst_spacing_policy,Auditory and source definition,untyped_object_container_only,design.noises[].source_profile_parameters,1,untyped source_profile_parameters object,current StimulusDesign design_from_dict/design_to_dict contract only
target.sources.source_sample_rate_hz,Auditory and source definition,partial_or_proxy_current_input,design.trajectory.sample_rate,1,"current field is a global render sample rate, not per-source file metadata",current StimulusDesign design_from_dict/design_to_dict contract only
target.sources.source_bit_depth,Auditory and source definition,not_in_current_design_serializer,,0,no conservative binding to the current StimulusDesign parser/serializer was established,current StimulusDesign design_from_dict/design_to_dict contract only
target.sources.source_channels,Auditory and source definition,not_in_current_design_serializer,,0,no conservative binding to the current StimulusDesign parser/serializer was established,current StimulusDesign design_from_dict/design_to_dict contract only
target.sources.source_duration_ms,Auditory and source definition,partial_or_proxy_current_input,design.custom_looming_files[].target_duration_s | design.prestimulus_files[].target_duration_s,2,"seconds-to-milliseconds transform exists for imported files, but generated-noise duration has no per-source typed field",current StimulusDesign design_from_dict/design_to_dict contract only
target.sources.source_gain_linear,Auditory and source definition,typed_current_input,design.noises[].gain | design.custom_looming_files[].gain | design.prestimulus_files[].gain,3,explicit semantic crosswalk,current StimulusDesign design_from_dict/design_to_dict contract only
target.sources.import_render_mode,Auditory and source definition,typed_current_input,design.custom_looming_files[].render_mode | design.prestimulus_files[].render_mode,2,explicit semantic crosswalk,current StimulusDesign design_from_dict/design_to_dict contract only
target.sources.source_motion_mode,Auditory and source definition,typed_current_input,design.noises[].motion_mode | design.custom_looming_files[].motion_mode | design.prestimulus_files[].motion_mode,3,explicit semantic crosswalk,current StimulusDesign design_from_dict/design_to_dict contract only
target.sources.source_equivalence_policy,Auditory and source definition,not_in_current_design_serializer,,0,no conservative binding to the current StimulusDesign parser/serializer was established,current StimulusDesign design_from_dict/design_to_dict contract only
target.trajectories.trajectory_count,Trajectory and orientation,derived_not_input,design.noises[].trajectory_snapshot | design.custom_looming_files[].trajectory_snapshot | design.prestimulus_files[].trajectory_snapshot,3,count of source trajectory entities; no serialized trajectory-count scalar,current StimulusDesign design_from_dict/design_to_dict contract only
target.trajectories.trajectory_labels,Trajectory and orientation,partial_or_proxy_current_input,design.noises[].label | design.custom_looming_files[].label | design.prestimulus_files[].label,3,source labels identify current source-level trajectory snapshots,current StimulusDesign design_from_dict/design_to_dict contract only
target.trajectories.trajectory_family,Trajectory and orientation,untyped_object_container_only,design.noises[].trajectory_snapshot | design.custom_looming_files[].trajectory_snapshot | design.prestimulus_files[].trajectory_snapshot,3,untyped per-source trajectory_snapshot objects,current StimulusDesign design_from_dict/design_to_dict contract only
target.trajectories.trajectory_direction,Trajectory and orientation,partial_or_proxy_current_input,design.trajectory.path_direction | design.noises[].trajectory_snapshot | design.custom_looming_files[].trajectory_snapshot | design.prestimulus_files[].trajectory_snapshot,4,global typed default plus untyped per-source snapshots cannot provide a typed repeatable trajectory contract,current StimulusDesign design_from_dict/design_to_dict contract only
target.trajectories.coordinate_mode,Trajectory and orientation,partial_or_proxy_current_input,design.trajectory.coordinate_mode | design.noises[].trajectory_snapshot | design.custom_looming_files[].trajectory_snapshot | design.prestimulus_files[].trajectory_snapshot,4,global typed default plus untyped per-source snapshots cannot provide a typed repeatable trajectory contract,current StimulusDesign design_from_dict/design_to_dict contract only
target.trajectories.coordinate_frame,Trajectory and orientation,untyped_object_container_only,design.noises[].trajectory_snapshot | design.custom_looming_files[].trajectory_snapshot | design.prestimulus_files[].trajectory_snapshot,3,untyped per-source trajectory_snapshot objects,current StimulusDesign design_from_dict/design_to_dict contract only
target.trajectories.start_distance_cm,Trajectory and orientation,partial_or_proxy_current_input,design.trajectory.start_radius_m | design.noises[].trajectory_snapshot | design.custom_looming_files[].trajectory_snapshot | design.prestimulus_files[].trajectory_snapshot,4,centimetres-to-metres transform is typed only for the global trajectory; per-source values remain untyped,current StimulusDesign design_from_dict/design_to_dict contract only
target.trajectories.end_distance_cm,Trajectory and orientation,partial_or_proxy_current_input,design.trajectory.end_radius_m | design.noises[].trajectory_snapshot | design.custom_looming_files[].trajectory_snapshot | design.prestimulus_files[].trajectory_snapshot,4,centimetres-to-metres transform is typed only for the global trajectory; per-source values remain untyped,current StimulusDesign design_from_dict/design_to_dict contract only
target.trajectories.start_xyz_m,Trajectory and orientation,partial_or_proxy_current_input,design.trajectory.start_x_m | design.trajectory.start_y_m | design.trajectory.start_z_m | design.noises[].trajectory_snapshot | design.custom_looming_files[].trajectory_snapshot | design.prestimulus_files[].trajectory_snapshot,6,three global typed coordinates plus untyped per-source snapshots,current StimulusDesign design_from_dict/design_to_dict contract only
target.trajectories.end_xyz_m,Trajectory and orientation,partial_or_proxy_current_input,design.trajectory.end_x_m | design.trajectory.end_y_m | design.trajectory.end_z_m | design.noises[].trajectory_snapshot | design.custom_looming_files[].trajectory_snapshot | design.prestimulus_files[].trajectory_snapshot,6,three global typed coordinates plus untyped per-source snapshots,current StimulusDesign design_from_dict/design_to_dict contract only
target.trajectories.path_length_m,Trajectory and orientation,partial_or_proxy_current_input,design.trajectory.path_length_m | design.noises[].trajectory_snapshot | design.custom_looming_files[].trajectory_snapshot | design.prestimulus_files[].trajectory_snapshot,4,global typed value plus untyped per-source snapshots,current StimulusDesign design_from_dict/design_to_dict contract only
target.trajectories.speed_mps,Trajectory and orientation,partial_or_proxy_current_input,design.trajectory.propagation_speed_mps | design.noises[].trajectory_snapshot | design.custom_looming_files[].trajectory_snapshot | design.prestimulus_files[].trajectory_snapshot,4,global typed value plus untyped per-source snapshots,current StimulusDesign design_from_dict/design_to_dict contract only
target.trajectories.movement_duration_ms,Trajectory and orientation,derived_not_input,design.trajectory.path_length_m | design.trajectory.propagation_speed_mps,2,computed as path length divided by propagation speed,current StimulusDesign design_from_dict/design_to_dict contract only
target.trajectories.azimuth_start_deg,Trajectory and orientation,partial_or_proxy_current_input,design.trajectory.azimuth_start_deg | design.noises[].trajectory_snapshot | design.custom_looming_files[].trajectory_snapshot | design.prestimulus_files[].trajectory_snapshot,4,global typed value plus untyped per-source snapshots,current StimulusDesign design_from_dict/design_to_dict contract only
target.trajectories.azimuth_end_deg,Trajectory and orientation,partial_or_proxy_current_input,design.trajectory.azimuth_end_deg | design.noises[].trajectory_snapshot | design.custom_looming_files[].trajectory_snapshot | design.prestimulus_files[].trajectory_snapshot,4,global typed value plus untyped per-source snapshots,current StimulusDesign design_from_dict/design_to_dict contract only
target.trajectories.elevation_start_deg,Trajectory and orientation,partial_or_proxy_current_input,design.trajectory.elevation_deg | design.noises[].trajectory_snapshot | design.custom_looming_files[].trajectory_snapshot | design.prestimulus_files[].trajectory_snapshot,4,one global elevation scalar cannot encode distinct start/end or per-source elevations,current StimulusDesign design_from_dict/design_to_dict contract only
target.trajectories.elevation_end_deg,Trajectory and orientation,partial_or_proxy_current_input,design.trajectory.elevation_deg | design.noises[].trajectory_snapshot | design.custom_looming_files[].trajectory_snapshot | design.prestimulus_files[].trajectory_snapshot,4,one global elevation scalar cannot encode distinct start/end or per-source elevations,current StimulusDesign design_from_dict/design_to_dict contract only
target.trajectories.pre_hold_ms,Trajectory and orientation,partial_or_proxy_current_input,design.trajectory.padding_pre_s | design.noises[].trajectory_snapshot | design.custom_looming_files[].trajectory_snapshot | design.prestimulus_files[].trajectory_snapshot,4,seconds-to-milliseconds transform is typed only for the global trajectory,current StimulusDesign design_from_dict/design_to_dict contract only
target.trajectories.post_hold_ms,Trajectory and orientation,partial_or_proxy_current_input,design.trajectory.padding_post_s | design.noises[].trajectory_snapshot | design.custom_looming_files[].trajectory_snapshot | design.prestimulus_files[].trajectory_snapshot,4,seconds-to-milliseconds transform is typed only for the global trajectory,current StimulusDesign design_from_dict/design_to_dict contract only
target.trajectories.inverse_square_enabled,Trajectory and orientation,partial_or_proxy_current_input,design.trajectory.use_inverse_square | design.noises[].trajectory_snapshot | design.custom_looming_files[].trajectory_snapshot | design.prestimulus_files[].trajectory_snapshot,4,global typed switch plus untyped per-source snapshots,current StimulusDesign design_from_dict/design_to_dict contract only
target.trajectories.attenuation_gain_law,Trajectory and orientation,partial_or_proxy_current_input,design.trajectory.use_inverse_square | design.noises[].trajectory_snapshot | design.custom_looming_files[].trajectory_snapshot | design.prestimulus_files[].trajectory_snapshot,4,current global boolean selects only inverse-square on/off; per-source laws are untyped,current StimulusDesign design_from_dict/design_to_dict contract only
target.trajectories.propagation_delay_policy,Trajectory and orientation,not_in_current_design_serializer,,0,no conservative binding to the current StimulusDesign parser/serializer was established,current StimulusDesign design_from_dict/design_to_dict contract only
target.trajectories.body_anchor,Trajectory and orientation,untyped_object_container_only,design.noises[].trajectory_snapshot | design.custom_looming_files[].trajectory_snapshot | design.prestimulus_files[].trajectory_snapshot,3,untyped per-source trajectory_snapshot objects,current StimulusDesign design_from_dict/design_to_dict contract only
target.trajectories.body_part,Trajectory and orientation,untyped_object_container_only,design.noises[].trajectory_snapshot | design.custom_looming_files[].trajectory_snapshot | design.prestimulus_files[].trajectory_snapshot,3,untyped per-source trajectory_snapshot objects,current StimulusDesign design_from_dict/design_to_dict contract only
target.trajectories.body_side,Trajectory and orientation,untyped_object_container_only,design.noises[].trajectory_snapshot | design.custom_looming_files[].trajectory_snapshot | design.prestimulus_files[].trajectory_snapshot,3,untyped per-source trajectory_snapshot objects,current StimulusDesign design_from_dict/design_to_dict contract only
target.trajectories.spatial_hemifield,Trajectory and orientation,untyped_object_container_only,design.noises[].trajectory_snapshot | design.custom_looming_files[].trajectory_snapshot | design.prestimulus_files[].trajectory_snapshot,3,untyped per-source trajectory_snapshot objects,current StimulusDesign design_from_dict/design_to_dict contract only
target.trajectories.body_relative_axis,Trajectory and orientation,untyped_object_container_only,design.noises[].trajectory_snapshot | design.custom_looming_files[].trajectory_snapshot | design.prestimulus_files[].trajectory_snapshot,3,untyped per-source trajectory_snapshot objects,current StimulusDesign design_from_dict/design_to_dict contract only
target.trajectories.participant_posture,Trajectory and orientation,untyped_object_container_only,design.noises[].trajectory_snapshot | design.custom_looming_files[].trajectory_snapshot | design.prestimulus_files[].trajectory_snapshot,3,untyped per-source trajectory_snapshot objects,current StimulusDesign design_from_dict/design_to_dict contract only
target.trajectories.head_trunk_facing,Trajectory and orientation,untyped_object_container_only,design.noises[].trajectory_snapshot | design.custom_looming_files[].trajectory_snapshot | design.prestimulus_files[].trajectory_snapshot,3,untyped per-source trajectory_snapshot objects,current StimulusDesign design_from_dict/design_to_dict contract only
target.trajectories.gaze_fixation_eyes_policy,Trajectory and orientation,untyped_object_container_only,design.noises[].trajectory_snapshot | design.custom_looming_files[].trajectory_snapshot | design.prestimulus_files[].trajectory_snapshot,3,untyped per-source trajectory_snapshot objects,current StimulusDesign design_from_dict/design_to_dict contract only
target.trajectories.source_room_positions,Trajectory and orientation,untyped_object_container_only,design.noises[].trajectory_snapshot | design.custom_looming_files[].trajectory_snapshot | design.prestimulus_files[].trajectory_snapshot,3,untyped per-source trajectory_snapshot objects,current StimulusDesign design_from_dict/design_to_dict contract only
target.trajectories.movement_implementation,Trajectory and orientation,untyped_object_container_only,design.noises[].trajectory_snapshot | design.custom_looming_files[].trajectory_snapshot | design.prestimulus_files[].trajectory_snapshot,3,untyped per-source trajectory_snapshot objects,current StimulusDesign design_from_dict/design_to_dict contract only
target.trajectories.distance_or_soa_anchor_table,Trajectory and orientation,composite_over_typed_current_inputs,design.protocol.soa_values_ms | design.protocol.spatial_values_cm | design.protocol.pair_spatial_values_with_soas,3,current global SOA/distance pairing,current StimulusDesign design_from_dict/design_to_dict contract only
target.rendering.audio_output_mode,"Renderer, loudness, visual, and mixed-reality context",untyped_object_container_only,design.study_profile_reference_parameters,1,untyped study_profile_reference_parameters object; exact key consumption is not guaranteed,current StimulusDesign design_from_dict/design_to_dict contract only
target.rendering.renderer_engine,"Renderer, loudness, visual, and mixed-reality context",untyped_object_container_only,design.study_profile_reference_parameters,1,untyped study_profile_reference_parameters object; exact key consumption is not guaranteed,current StimulusDesign design_from_dict/design_to_dict contract only
target.rendering.renderer_version,"Renderer, loudness, visual, and mixed-reality context",untyped_object_container_only,design.study_profile_reference_parameters,1,untyped study_profile_reference_parameters object; exact key consumption is not guaranteed,current StimulusDesign design_from_dict/design_to_dict contract only
target.rendering.sofa_hrir_asset,"Renderer, loudness, visual, and mixed-reality context",typed_current_input,design.sofa_file,1,explicit semantic crosswalk,current StimulusDesign design_from_dict/design_to_dict contract only
target.rendering.hrtf_database,"Renderer, loudness, visual, and mixed-reality context",untyped_object_container_only,design.study_profile_reference_parameters,1,untyped study_profile_reference_parameters object; exact key consumption is not guaranteed,current StimulusDesign design_from_dict/design_to_dict contract only
target.rendering.hrtf_subject_id,"Renderer, loudness, visual, and mixed-reality context",untyped_object_container_only,design.study_profile_reference_parameters,1,untyped study_profile_reference_parameters object; exact key consumption is not guaranteed,current StimulusDesign design_from_dict/design_to_dict contract only
target.rendering.hrtf_filter_id,"Renderer, loudness, visual, and mixed-reality context",untyped_object_container_only,design.study_profile_reference_parameters,1,untyped study_profile_reference_parameters object; exact key consumption is not guaranteed,current StimulusDesign design_from_dict/design_to_dict contract only
target.rendering.near_field_compensation,"Renderer, loudness, visual, and mixed-reality context",untyped_object_container_only,design.study_profile_reference_parameters,1,untyped study_profile_reference_parameters object; exact key consumption is not guaranteed,current StimulusDesign design_from_dict/design_to_dict contract only
target.rendering.ild_itd_policy,"Renderer, loudness, visual, and mixed-reality context",untyped_object_container_only,design.study_profile_reference_parameters,1,untyped study_profile_reference_parameters object; exact key consumption is not guaranteed,current StimulusDesign design_from_dict/design_to_dict contract only
target.rendering.headphones_model,"Renderer, loudness, visual, and mixed-reality context",untyped_object_container_only,design.study_profile_reference_parameters,1,untyped study_profile_reference_parameters object; exact key consumption is not guaranteed,current StimulusDesign design_from_dict/design_to_dict contract only
target.rendering.audio_interface_model,"Renderer, loudness, visual, and mixed-reality context",untyped_object_container_only,design.study_profile_reference_parameters,1,untyped study_profile_reference_parameters object; exact key consumption is not guaranteed,current StimulusDesign design_from_dict/design_to_dict contract only
target.rendering.speaker_array_id,"Renderer, loudness, visual, and mixed-reality context",untyped_object_container_only,design.study_profile_reference_parameters,1,untyped study_profile_reference_parameters object; exact key consumption is not guaranteed,current StimulusDesign design_from_dict/design_to_dict contract only
target.rendering.speaker_model,"Renderer, loudness, visual, and mixed-reality context",untyped_object_container_only,design.study_profile_reference_parameters,1,untyped study_profile_reference_parameters object; exact key consumption is not guaranteed,current StimulusDesign design_from_dict/design_to_dict contract only
target.rendering.speaker_count,"Renderer, loudness, visual, and mixed-reality context",untyped_object_container_only,design.study_profile_reference_parameters,1,untyped study_profile_reference_parameters object; exact key consumption is not guaranteed,current StimulusDesign design_from_dict/design_to_dict contract only
target.rendering.speaker_array_layout,"Renderer, loudness, visual, and mixed-reality context",untyped_object_container_only,design.study_profile_reference_parameters,1,untyped study_profile_reference_parameters object; exact key consumption is not guaranteed,current StimulusDesign design_from_dict/design_to_dict contract only
target.rendering.speaker_switch_sequence,"Renderer, loudness, visual, and mixed-reality context",untyped_object_container_only,design.study_profile_reference_parameters,1,untyped study_profile_reference_parameters object; exact key consumption is not guaranteed,current StimulusDesign design_from_dict/design_to_dict contract only
target.rendering.speaker_switch_times_ms,"Renderer, loudness, visual, and mixed-reality context",untyped_object_container_only,design.study_profile_reference_parameters,1,untyped study_profile_reference_parameters object; exact key consumption is not guaranteed,current StimulusDesign design_from_dict/design_to_dict contract only
target.rendering.speaker_switch_channels,"Renderer, loudness, visual, and mixed-reality context",untyped_object_container_only,design.study_profile_reference_parameters,1,untyped study_profile_reference_parameters object; exact key consumption is not guaranteed,current StimulusDesign design_from_dict/design_to_dict contract only
target.rendering.speaker_switch_gains,"Renderer, loudness, visual, and mixed-reality context",untyped_object_container_only,design.study_profile_reference_parameters,1,untyped study_profile_reference_parameters object; exact key consumption is not guaranteed,current StimulusDesign design_from_dict/design_to_dict contract only
target.rendering.speaker_source_channel,"Renderer, loudness, visual, and mixed-reality context",untyped_object_container_only,design.study_profile_reference_parameters,1,untyped study_profile_reference_parameters object; exact key consumption is not guaranteed,current StimulusDesign design_from_dict/design_to_dict contract only
target.rendering.room_acoustics,"Renderer, loudness, visual, and mixed-reality context",untyped_object_container_only,design.study_profile_reference_parameters,1,untyped study_profile_reference_parameters object; exact key consumption is not guaranteed,current StimulusDesign design_from_dict/design_to_dict contract only
target.rendering.reverb_brir_policy,"Renderer, loudness, visual, and mixed-reality context",untyped_object_container_only,design.study_profile_reference_parameters,1,untyped study_profile_reference_parameters object; exact key consumption is not guaranteed,current StimulusDesign design_from_dict/design_to_dict contract only
target.rendering.drr_iacc_policy,"Renderer, loudness, visual, and mixed-reality context",untyped_object_container_only,design.study_profile_reference_parameters,1,untyped study_profile_reference_parameters object; exact key consumption is not guaranteed,current StimulusDesign design_from_dict/design_to_dict contract only
target.rendering.renderer_equivalence_boundary,"Renderer, loudness, visual, and mixed-reality context",untyped_object_container_only,design.study_profile_reference_parameters,1,untyped study_profile_reference_parameters object; exact key consumption is not guaranteed,current StimulusDesign design_from_dict/design_to_dict contract only
target.rendering.level_mode,"Renderer, loudness, visual, and mixed-reality context",untyped_object_container_only,design.study_profile_reference_parameters,1,untyped study_profile_reference_parameters object; exact key consumption is not guaranteed,current StimulusDesign design_from_dict/design_to_dict contract only
target.rendering.level_calibration_mode,"Renderer, loudness, visual, and mixed-reality context",untyped_object_container_only,design.study_profile_reference_parameters,1,untyped study_profile_reference_parameters object; exact key consumption is not guaranteed,current StimulusDesign design_from_dict/design_to_dict contract only
target.rendering.level_calibration_status,"Renderer, loudness, visual, and mixed-reality context",untyped_object_container_only,design.study_profile_reference_parameters,1,untyped study_profile_reference_parameters object; exact key consumption is not guaranteed,current StimulusDesign design_from_dict/design_to_dict contract only
target.rendering.start_spl_db,"Renderer, loudness, visual, and mixed-reality context",untyped_object_container_only,design.study_profile_reference_parameters,1,untyped study_profile_reference_parameters object; exact key consumption is not guaranteed,current StimulusDesign design_from_dict/design_to_dict contract only
target.rendering.end_spl_db,"Renderer, loudness, visual, and mixed-reality context",untyped_object_container_only,design.study_profile_reference_parameters,1,untyped study_profile_reference_parameters object; exact key consumption is not guaranteed,current StimulusDesign design_from_dict/design_to_dict contract only
target.rendering.instruction_offset_db,"Renderer, loudness, visual, and mixed-reality context",untyped_object_container_only,design.study_profile_reference_parameters,1,untyped study_profile_reference_parameters object; exact key consumption is not guaranteed,current StimulusDesign design_from_dict/design_to_dict contract only
target.rendering.gain_envelope_shape,"Renderer, loudness, visual, and mixed-reality context",untyped_object_container_only,design.study_profile_reference_parameters,1,untyped study_profile_reference_parameters object; exact key consumption is not guaranteed,current StimulusDesign design_from_dict/design_to_dict contract only
target.rendering.hold_level_policy,"Renderer, loudness, visual, and mixed-reality context",untyped_object_container_only,design.study_profile_reference_parameters,1,untyped study_profile_reference_parameters object; exact key consumption is not guaranteed,current StimulusDesign design_from_dict/design_to_dict contract only
target.rendering.level_calibration_window_ms,"Renderer, loudness, visual, and mixed-reality context",untyped_object_container_only,design.study_profile_reference_parameters,1,untyped study_profile_reference_parameters object; exact key consumption is not guaranteed,current StimulusDesign design_from_dict/design_to_dict contract only
target.rendering.estimated_full_scale_spl_db,"Renderer, loudness, visual, and mixed-reality context",untyped_object_container_only,design.study_profile_reference_parameters,1,untyped study_profile_reference_parameters object; exact key consumption is not guaranteed,current StimulusDesign design_from_dict/design_to_dict contract only
target.rendering.peak_ceiling_dbfs,"Renderer, loudness, visual, and mixed-reality context",untyped_object_container_only,design.study_profile_reference_parameters,1,untyped study_profile_reference_parameters object; exact key consumption is not guaranteed,current StimulusDesign design_from_dict/design_to_dict contract only
target.rendering.distance_gain_policy,"Renderer, loudness, visual, and mixed-reality context",untyped_object_container_only,design.study_profile_reference_parameters,1,untyped study_profile_reference_parameters object; exact key consumption is not guaranteed,current StimulusDesign design_from_dict/design_to_dict contract only
target.rendering.level_setting_hardware_policy,"Renderer, loudness, visual, and mixed-reality context",untyped_object_container_only,design.study_profile_reference_parameters,1,untyped study_profile_reference_parameters object; exact key consumption is not guaranteed,current StimulusDesign design_from_dict/design_to_dict contract only
target.rendering.visual_stimulus_type,"Renderer, loudness, visual, and mixed-reality context",untyped_object_container_only,design.study_profile_reference_parameters,1,untyped study_profile_reference_parameters object; exact key consumption is not guaranteed,current StimulusDesign design_from_dict/design_to_dict contract only
target.rendering.visual_motion_profile,"Renderer, loudness, visual, and mixed-reality context",untyped_object_container_only,design.study_profile_reference_parameters,1,untyped study_profile_reference_parameters object; exact key consumption is not guaranteed,current StimulusDesign design_from_dict/design_to_dict contract only
target.rendering.visual_start_distance_cm,"Renderer, loudness, visual, and mixed-reality context",untyped_object_container_only,design.study_profile_reference_parameters,1,untyped study_profile_reference_parameters object; exact key consumption is not guaranteed,current StimulusDesign design_from_dict/design_to_dict contract only
target.rendering.visual_end_distance_cm,"Renderer, loudness, visual, and mixed-reality context",untyped_object_container_only,design.study_profile_reference_parameters,1,untyped study_profile_reference_parameters object; exact key consumption is not guaranteed,current StimulusDesign design_from_dict/design_to_dict contract only
target.rendering.visual_speed_cm_s,"Renderer, loudness, visual, and mixed-reality context",untyped_object_container_only,design.study_profile_reference_parameters,1,untyped study_profile_reference_parameters object; exact key consumption is not guaranteed,current StimulusDesign design_from_dict/design_to_dict contract only
target.rendering.visual_duration_ms,"Renderer, loudness, visual, and mixed-reality context",untyped_object_container_only,design.study_profile_reference_parameters,1,untyped study_profile_reference_parameters object; exact key consumption is not guaranteed,current StimulusDesign design_from_dict/design_to_dict contract only
target.rendering.visual_renderer_engine,"Renderer, loudness, visual, and mixed-reality context",untyped_object_container_only,design.study_profile_reference_parameters,1,untyped study_profile_reference_parameters object; exact key consumption is not guaranteed,current StimulusDesign design_from_dict/design_to_dict contract only
target.rendering.visual_display_device,"Renderer, loudness, visual, and mixed-reality context",untyped_object_container_only,design.study_profile_reference_parameters,1,untyped study_profile_reference_parameters object; exact key consumption is not guaranteed,current StimulusDesign design_from_dict/design_to_dict contract only
target.rendering.mixed_reality_context,"Renderer, loudness, visual, and mixed-reality context",untyped_object_container_only,design.study_profile_reference_parameters,1,untyped study_profile_reference_parameters object; exact key consumption is not guaranteed,current StimulusDesign design_from_dict/design_to_dict contract only
target.rendering.body_rendering_mode,"Renderer, loudness, visual, and mixed-reality context",untyped_object_container_only,design.study_profile_reference_parameters,1,untyped study_profile_reference_parameters object; exact key consumption is not guaranteed,current StimulusDesign design_from_dict/design_to_dict contract only
target.rendering.audiovisual_synchrony_policy,"Renderer, loudness, visual, and mixed-reality context",untyped_object_container_only,design.study_profile_reference_parameters,1,untyped study_profile_reference_parameters object; exact key consumption is not guaranteed,current StimulusDesign design_from_dict/design_to_dict contract only
target.rendering.mixed_reality_equivalence_boundary,"Renderer, loudness, visual, and mixed-reality context",untyped_object_container_only,design.study_profile_reference_parameters,1,untyped study_profile_reference_parameters object; exact key consumption is not guaranteed,current StimulusDesign design_from_dict/design_to_dict contract only
target.trial_sequence.trial_row_count,Trial sequence and task,derived_not_input,design.protocol.trial_strips[].strip_id,1,count of instantiated trial-strip entities,current StimulusDesign design_from_dict/design_to_dict contract only
target.trial_sequence.row_ids,Trial sequence and task,typed_current_input,design.protocol.trial_strips[].strip_id,1,explicit semantic crosswalk,current StimulusDesign design_from_dict/design_to_dict contract only
target.trial_sequence.row_labels,Trial sequence and task,typed_current_input,design.protocol.trial_strips[].label,1,explicit semantic crosswalk,current StimulusDesign design_from_dict/design_to_dict contract only
target.trial_sequence.row_order,Trial sequence and task,partial_or_proxy_current_input,design.protocol.trial_strips[].strip_id,1,list order is implicit; no typed row-order field,current StimulusDesign design_from_dict/design_to_dict contract only
target.trial_sequence.row_audio_tactile_percentage,Trial sequence and task,typed_current_input,design.protocol.trial_strips[].audio_tactile_percentage,1,explicit semantic crosswalk,current StimulusDesign design_from_dict/design_to_dict contract only
target.trial_sequence.row_catch_percentage,Trial sequence and task,typed_current_input,design.protocol.trial_strips[].catch_percentage,1,explicit semantic crosswalk,current StimulusDesign design_from_dict/design_to_dict contract only
target.trial_sequence.row_baseline_percentage,Trial sequence and task,typed_current_input,design.protocol.trial_strips[].baseline_percentage,1,explicit semantic crosswalk,current StimulusDesign design_from_dict/design_to_dict contract only
target.trial_sequence.row_soa_overrides_ms,Trial sequence and task,typed_current_input,design.protocol.trial_strips[].soa_values_ms,1,explicit semantic crosswalk,current StimulusDesign design_from_dict/design_to_dict contract only
target.trial_sequence.row_spatial_overrides_cm,Trial sequence and task,typed_current_input,design.protocol.trial_strips[].spatial_values_cm,1,explicit semantic crosswalk,current StimulusDesign design_from_dict/design_to_dict contract only
target.trial_sequence.sequence_elements,Trial sequence and task,composite_over_typed_current_inputs,design.protocol.trial_strips[].elements[].element_id | design.protocol.trial_strips[].elements[].kind | design.protocol.trial_strips[].elements[].label | design.protocol.trial_strips[].elements[].source_label | design.protocol.trial_strips[].elements[].source_labels,5,typed element records,current StimulusDesign design_from_dict/design_to_dict contract only
target.trial_sequence.source_alternatives,Trial sequence and task,typed_current_input,design.protocol.trial_strips[].elements[].source_labels,1,explicit semantic crosswalk,current StimulusDesign design_from_dict/design_to_dict contract only
target.trial_sequence.sequence_variant_count,Trial sequence and task,untyped_object_container_only,design.protocol.trial_strips[].metadata,1,untyped trial-strip metadata object,current StimulusDesign design_from_dict/design_to_dict contract only
target.trial_sequence.sequence_variant_keys,Trial sequence and task,untyped_object_container_only,design.protocol.trial_strips[].metadata,1,untyped trial-strip metadata object,current StimulusDesign design_from_dict/design_to_dict contract only
target.trial_sequence.jitter_values_ms,Trial sequence and task,typed_current_input,design.protocol.trial_strips[].elements[].jitter_values_ms,1,explicit semantic crosswalk,current StimulusDesign design_from_dict/design_to_dict contract only
target.trial_sequence.jitter_randomized,Trial sequence and task,typed_current_input,design.protocol.trial_strips[].elements[].randomized,1,explicit semantic crosswalk,current StimulusDesign design_from_dict/design_to_dict contract only
target.trial_sequence.iti_policy,Trial sequence and task,untyped_object_container_only,design.protocol.trial_strips[].metadata,1,untyped trial-strip metadata object,current StimulusDesign design_from_dict/design_to_dict contract only
target.trial_sequence.iti_values_or_range_ms,Trial sequence and task,untyped_object_container_only,design.protocol.trial_strips[].metadata,1,untyped trial-strip metadata object,current StimulusDesign design_from_dict/design_to_dict contract only
target.trial_sequence.iti_distribution,Trial sequence and task,untyped_object_container_only,design.protocol.trial_strips[].metadata,1,untyped trial-strip metadata object,current StimulusDesign design_from_dict/design_to_dict contract only
target.trial_sequence.pre_sound_silence_ms,Trial sequence and task,untyped_object_container_only,design.protocol.trial_strips[].metadata,1,untyped trial-strip metadata object,current StimulusDesign design_from_dict/design_to_dict contract only
target.trial_sequence.post_sound_silence_ms,Trial sequence and task,untyped_object_container_only,design.protocol.trial_strips[].metadata,1,untyped trial-strip metadata object,current StimulusDesign design_from_dict/design_to_dict contract only
target.trial_sequence.foreperiod_ms,Trial sequence and task,untyped_object_container_only,design.protocol.trial_strips[].metadata,1,untyped trial-strip metadata object,current StimulusDesign design_from_dict/design_to_dict contract only
target.trial_sequence.condition_intermixing,Trial sequence and task,untyped_object_container_only,design.protocol.trial_strips[].metadata,1,untyped trial-strip metadata object,current StimulusDesign design_from_dict/design_to_dict contract only
target.trial_sequence.blocked_or_random_order,Trial sequence and task,composite_over_typed_current_inputs,design.protocol.trial_randomization_strategy | design.protocol.block_order_randomization,2,trial and block ordering are distinct current inputs,current StimulusDesign design_from_dict/design_to_dict contract only
target.trial_sequence.task_sequence_rules,Trial sequence and task,untyped_object_container_only,design.protocol.trial_strips[].metadata,1,untyped trial-strip metadata object,current StimulusDesign design_from_dict/design_to_dict contract only
target.trial_sequence.hazard_control_policy,Trial sequence and task,untyped_object_container_only,design.protocol.trial_strips[].metadata,1,untyped trial-strip metadata object,current StimulusDesign design_from_dict/design_to_dict contract only
target.trial_sequence.expectancy_control_role,Trial sequence and task,untyped_object_container_only,design.protocol.trial_strips[].metadata,1,untyped trial-strip metadata object,current StimulusDesign design_from_dict/design_to_dict contract only
target.tactile_protocol.tactile_present,"Tactile, SOA, baseline, and catch",partial_or_proxy_current_input,design.protocol.tactile_sites,1,presence is inferred from a non-empty site list,current StimulusDesign design_from_dict/design_to_dict contract only
target.tactile_protocol.tactile_modality,"Tactile, SOA, baseline, and catch",untyped_object_container_only,design.study_profile_reference_parameters,1,untyped study_profile_reference_parameters object; exact key consumption is not guaranteed,current StimulusDesign design_from_dict/design_to_dict contract only
target.tactile_protocol.stimulator_model,"Tactile, SOA, baseline, and catch",untyped_object_container_only,design.study_profile_reference_parameters,1,untyped study_profile_reference_parameters object; exact key consumption is not guaranteed,current StimulusDesign design_from_dict/design_to_dict contract only
target.tactile_protocol.tactile_site,"Tactile, SOA, baseline, and catch",typed_current_input,design.protocol.tactile_sites,1,explicit semantic crosswalk,current StimulusDesign design_from_dict/design_to_dict contract only
target.tactile_protocol.tactile_body_anchor,"Tactile, SOA, baseline, and catch",not_in_current_design_serializer,,0,no conservative binding to the current StimulusDesign parser/serializer was established,current StimulusDesign design_from_dict/design_to_dict contract only
target.tactile_protocol.tactile_side,"Tactile, SOA, baseline, and catch",not_in_current_design_serializer,,0,no conservative binding to the current StimulusDesign parser/serializer was established,current StimulusDesign design_from_dict/design_to_dict contract only
target.tactile_protocol.tactile_channel,"Tactile, SOA, baseline, and catch",not_in_current_design_serializer,,0,no conservative binding to the current StimulusDesign parser/serializer was established,current StimulusDesign design_from_dict/design_to_dict contract only
target.tactile_protocol.channel_map,"Tactile, SOA, baseline, and catch",not_in_current_design_serializer,,0,no conservative binding to the current StimulusDesign parser/serializer was established,current StimulusDesign design_from_dict/design_to_dict contract only
target.tactile_protocol.cue_duration_ms,"Tactile, SOA, baseline, and catch",not_in_current_design_serializer,,0,no conservative binding to the current StimulusDesign parser/serializer was established,current StimulusDesign design_from_dict/design_to_dict contract only
target.tactile_protocol.pulse_duration_ms,"Tactile, SOA, baseline, and catch",not_in_current_design_serializer,,0,no conservative binding to the current StimulusDesign parser/serializer was established,current StimulusDesign design_from_dict/design_to_dict contract only
target.tactile_protocol.waveform_shape,"Tactile, SOA, baseline, and catch",not_in_current_design_serializer,,0,no conservative binding to the current StimulusDesign parser/serializer was established,current StimulusDesign design_from_dict/design_to_dict contract only
target.tactile_protocol.frequency_hz,"Tactile, SOA, baseline, and catch",not_in_current_design_serializer,,0,no conservative binding to the current StimulusDesign parser/serializer was established,current StimulusDesign design_from_dict/design_to_dict contract only
target.tactile_protocol.amplitude,"Tactile, SOA, baseline, and catch",not_in_current_design_serializer,,0,no conservative binding to the current StimulusDesign parser/serializer was established,current StimulusDesign design_from_dict/design_to_dict contract only
target.tactile_protocol.intensity,"Tactile, SOA, baseline, and catch",not_in_current_design_serializer,,0,no conservative binding to the current StimulusDesign parser/serializer was established,current StimulusDesign design_from_dict/design_to_dict contract only
target.tactile_protocol.intensity_unit,"Tactile, SOA, baseline, and catch",not_in_current_design_serializer,,0,no conservative binding to the current StimulusDesign parser/serializer was established,current StimulusDesign design_from_dict/design_to_dict contract only
target.tactile_protocol.calibration_method,"Tactile, SOA, baseline, and catch",not_in_current_design_serializer,,0,no conservative binding to the current StimulusDesign parser/serializer was established,current StimulusDesign design_from_dict/design_to_dict contract only
target.tactile_protocol.threshold_reference,"Tactile, SOA, baseline, and catch",not_in_current_design_serializer,,0,no conservative binding to the current StimulusDesign parser/serializer was established,current StimulusDesign design_from_dict/design_to_dict contract only
target.tactile_protocol.electrode_site,"Tactile, SOA, baseline, and catch",untyped_object_container_only,design.study_profile_reference_parameters,1,untyped study_profile_reference_parameters object; exact key consumption is not guaranteed,current StimulusDesign design_from_dict/design_to_dict contract only
target.tactile_protocol.tactile_source_or_delivery,"Tactile, SOA, baseline, and catch",untyped_object_container_only,design.study_profile_reference_parameters,1,untyped study_profile_reference_parameters object; exact key consumption is not guaranteed,current StimulusDesign design_from_dict/design_to_dict contract only
target.tactile_protocol.external_trigger_required,"Tactile, SOA, baseline, and catch",not_in_current_design_serializer,,0,no conservative binding to the current StimulusDesign parser/serializer was established,current StimulusDesign design_from_dict/design_to_dict contract only
target.tactile_protocol.external_trigger_modality,"Tactile, SOA, baseline, and catch",not_in_current_design_serializer,,0,no conservative binding to the current StimulusDesign parser/serializer was established,current StimulusDesign design_from_dict/design_to_dict contract only
target.tactile_protocol.external_trigger_role,"Tactile, SOA, baseline, and catch",not_in_current_design_serializer,,0,no conservative binding to the current StimulusDesign parser/serializer was established,current StimulusDesign design_from_dict/design_to_dict contract only
target.tactile_protocol.external_trigger_code,"Tactile, SOA, baseline, and catch",not_in_current_design_serializer,,0,no conservative binding to the current StimulusDesign parser/serializer was established,current StimulusDesign design_from_dict/design_to_dict contract only
target.tactile_protocol.external_trigger_tolerance_ms,"Tactile, SOA, baseline, and catch",not_in_current_design_serializer,,0,no conservative binding to the current StimulusDesign parser/serializer was established,current StimulusDesign design_from_dict/design_to_dict contract only
target.tactile_protocol.external_trigger_channel,"Tactile, SOA, baseline, and catch",not_in_current_design_serializer,,0,no conservative binding to the current StimulusDesign parser/serializer was established,current StimulusDesign design_from_dict/design_to_dict contract only
target.tactile_protocol.soa_values_ms,"Tactile, SOA, baseline, and catch",typed_current_input,design.protocol.soa_values_ms | design.protocol.trial_strips[].soa_values_ms,2,explicit semantic crosswalk,current StimulusDesign design_from_dict/design_to_dict contract only
target.tactile_protocol.soa_reference_anchor,"Tactile, SOA, baseline, and catch",not_in_current_design_serializer,,0,no conservative binding to the current StimulusDesign parser/serializer was established,current StimulusDesign design_from_dict/design_to_dict contract only
target.tactile_protocol.soa_sign_convention,"Tactile, SOA, baseline, and catch",not_in_current_design_serializer,,0,no conservative binding to the current StimulusDesign parser/serializer was established,current StimulusDesign design_from_dict/design_to_dict contract only
target.tactile_protocol.spatial_values_cm,"Tactile, SOA, baseline, and catch",typed_current_input,design.protocol.spatial_values_cm | design.protocol.trial_strips[].spatial_values_cm,2,explicit semantic crosswalk,current StimulusDesign design_from_dict/design_to_dict contract only
target.tactile_protocol.pair_spatial_values_with_soas,"Tactile, SOA, baseline, and catch",typed_current_input,design.protocol.pair_spatial_values_with_soas,1,explicit semantic crosswalk,current StimulusDesign design_from_dict/design_to_dict contract only
target.tactile_protocol.distance_at_touch_values_cm,"Tactile, SOA, baseline, and catch",partial_or_proxy_current_input,design.protocol.spatial_values_cm | design.protocol.trial_strips[].spatial_values_cm,2,current distance arrays do not independently name distance-at-touch semantics,current StimulusDesign design_from_dict/design_to_dict contract only
target.tactile_protocol.baseline_enabled,"Tactile, SOA, baseline, and catch",typed_current_input,design.protocol.include_baseline_trials,1,explicit semantic crosswalk,current StimulusDesign design_from_dict/design_to_dict contract only
target.tactile_protocol.baseline_strategy,"Tactile, SOA, baseline, and catch",typed_current_input,design.protocol.baseline_strategy,1,explicit semantic crosswalk,current StimulusDesign design_from_dict/design_to_dict contract only
target.tactile_protocol.baseline_soa_values_ms,"Tactile, SOA, baseline, and catch",typed_current_input,design.protocol.baseline_soa_values_ms,1,explicit semantic crosswalk,current StimulusDesign design_from_dict/design_to_dict contract only
target.tactile_protocol.baseline_timing_reference,"Tactile, SOA, baseline, and catch",not_in_current_design_serializer,,0,no conservative binding to the current StimulusDesign parser/serializer was established,current StimulusDesign design_from_dict/design_to_dict contract only
target.tactile_protocol.baseline_custom_trial_mode,"Tactile, SOA, baseline, and catch",typed_current_input,design.protocol.baseline_custom_trial_mode,1,explicit semantic crosswalk,current StimulusDesign design_from_dict/design_to_dict contract only
target.tactile_protocol.catch_enabled,"Tactile, SOA, baseline, and catch",typed_current_input,design.protocol.include_catch_trials,1,explicit semantic crosswalk,current StimulusDesign design_from_dict/design_to_dict contract only
target.tactile_protocol.catch_type,"Tactile, SOA, baseline, and catch",partial_or_proxy_current_input,design.protocol.include_catch_trials,1,current protocol toggles catch trials but has no typed catch-type field,current StimulusDesign design_from_dict/design_to_dict contract only
target.tactile_protocol.auditory_only_enabled,"Tactile, SOA, baseline, and catch",typed_current_input,design.protocol.include_auditory_only_trials,1,explicit semantic crosswalk,current StimulusDesign design_from_dict/design_to_dict contract only
target.trial_pool.repetitions_per_condition,Repetition and trial counts,typed_current_input,design.protocol.repetitions_per_condition,1,explicit semantic crosswalk,current StimulusDesign design_from_dict/design_to_dict contract only
target.trial_pool.repetition_defaults_by_family,Repetition and trial counts,typed_current_input,design.protocol.trial_pool_repetition_defaults,1,explicit semantic crosswalk,current StimulusDesign design_from_dict/design_to_dict contract only
target.trial_pool.repetition_overrides_by_folder,Repetition and trial counts,not_in_current_design_serializer,,0,no conservative binding to the current StimulusDesign parser/serializer was established,current StimulusDesign design_from_dict/design_to_dict contract only
target.trial_pool.repetition_overrides_by_file,Repetition and trial counts,not_in_current_design_serializer,,0,no conservative binding to the current StimulusDesign parser/serializer was established,current StimulusDesign design_from_dict/design_to_dict contract only
target.trial_pool.fractional_repetition_policy,Repetition and trial counts,not_in_current_design_serializer,,0,no conservative binding to the current StimulusDesign parser/serializer was established,current StimulusDesign design_from_dict/design_to_dict contract only
target.trial_pool.fractional_balance_seed,Repetition and trial counts,not_in_current_design_serializer,,0,no conservative binding to the current StimulusDesign parser/serializer was established,current StimulusDesign design_from_dict/design_to_dict contract only
target.trial_pool.exact_family_counts,Repetition and trial counts,derived_not_input,design.protocol.repetitions_per_condition | design.protocol.trial_pool_repetition_defaults,2,materialized from repetition policy,current StimulusDesign design_from_dict/design_to_dict contract only
target.trial_pool.baseline_count_exact,Repetition and trial counts,typed_current_input,design.protocol.baseline_trials_exact,1,explicit semantic crosswalk,current StimulusDesign design_from_dict/design_to_dict contract only
target.trial_pool.baseline_percentage,Repetition and trial counts,typed_current_input,design.protocol.baseline_trial_percentage,1,explicit semantic crosswalk,current StimulusDesign design_from_dict/design_to_dict contract only
target.trial_pool.catch_count_exact,Repetition and trial counts,typed_current_input,design.protocol.catch_trials_exact,1,explicit semantic crosswalk,current StimulusDesign design_from_dict/design_to_dict contract only
target.trial_pool.catch_percentage,Repetition and trial counts,typed_current_input,design.protocol.catch_trial_percentage,1,explicit semantic crosswalk,current StimulusDesign design_from_dict/design_to_dict contract only
target.trial_pool.auditory_only_count_exact,Repetition and trial counts,typed_current_input,design.protocol.auditory_only_trials_exact,1,explicit semantic crosswalk,current StimulusDesign design_from_dict/design_to_dict contract only
target.trial_pool.auditory_only_percentage,Repetition and trial counts,typed_current_input,design.protocol.auditory_only_trial_percentage,1,explicit semantic crosswalk,current StimulusDesign design_from_dict/design_to_dict contract only
target.trial_pool.catch_crosses_sequence_variants,Repetition and trial counts,typed_current_input,design.protocol.catch_crosses_sequence_variants,1,explicit semantic crosswalk,current StimulusDesign design_from_dict/design_to_dict contract only
target.trial_pool.baseline_crosses_sequence_variants,Repetition and trial counts,typed_current_input,design.protocol.baseline_crosses_sequence_variants,1,explicit semantic crosswalk,current StimulusDesign design_from_dict/design_to_dict contract only
target.trial_pool.auditory_only_crosses_sequence_variants,Repetition and trial counts,typed_current_input,design.protocol.auditory_only_crosses_sequence_variants,1,explicit semantic crosswalk,current StimulusDesign design_from_dict/design_to_dict contract only
target.trial_pool.total_trial_count,Repetition and trial counts,derived_not_input,design.protocol.repetitions_per_condition | design.protocol.trial_pool_repetition_defaults | design.protocol.baseline_trials_exact | design.protocol.catch_trials_exact | design.protocol.auditory_only_trials_exact,5,"computed/materialized count, not a primary input",current StimulusDesign design_from_dict/design_to_dict contract only
target.trial_pool.reported_or_target_playback_duration_s,Repetition and trial counts,not_in_current_design_serializer,,0,no conservative binding to the current StimulusDesign parser/serializer was established,current StimulusDesign design_from_dict/design_to_dict contract only
target.block_design.block_count,Block design,typed_current_input,design.protocol.blocks,1,explicit semantic crosswalk,current StimulusDesign design_from_dict/design_to_dict contract only
target.block_design.block_labels,Block design,typed_current_input,design.protocol.block_specs[].label,1,explicit semantic crosswalk,current StimulusDesign design_from_dict/design_to_dict contract only
target.block_design.block_stimulus_types,Block design,typed_current_input,design.protocol.block_specs[].stimulus_types,1,explicit semantic crosswalk,current StimulusDesign design_from_dict/design_to_dict contract only
target.block_design.repeat_trial_pool_per_block,Block design,typed_current_input,design.protocol.repeat_trial_pool_per_block,1,explicit semantic crosswalk,current StimulusDesign design_from_dict/design_to_dict contract only
target.block_design.distribute_trial_pool_across_blocks,Block design,typed_current_input,design.protocol.distribute_trial_pool_across_blocks,1,explicit semantic crosswalk,current StimulusDesign design_from_dict/design_to_dict contract only
target.block_design.trial_randomization_strategy,Block design,typed_current_input,design.protocol.trial_randomization_strategy,1,explicit semantic crosswalk,current StimulusDesign design_from_dict/design_to_dict contract only
target.block_design.block_order_randomization,Block design,typed_current_input,design.protocol.block_order_randomization,1,explicit semantic crosswalk,current StimulusDesign design_from_dict/design_to_dict contract only
target.block_design.max_consecutive_same_trial_type,Block design,typed_current_input,design.protocol.max_consecutive_same_trial_type,1,explicit semantic crosswalk,current StimulusDesign design_from_dict/design_to_dict contract only
target.block_design.row_order_constraints,Block design,untyped_object_container_only,design.protocol.trial_strips[].metadata,1,untyped trial-strip metadata object,current StimulusDesign design_from_dict/design_to_dict contract only
target.block_design.within_family_queue_policy,Block design,untyped_object_container_only,design.protocol.trial_strips[].metadata,1,untyped trial-strip metadata object,current StimulusDesign design_from_dict/design_to_dict contract only
target.block_design.condition_blocking_or_intermixing,Block design,untyped_object_container_only,design.protocol.trial_strips[].metadata,1,untyped trial-strip metadata object,current StimulusDesign design_from_dict/design_to_dict contract only
target.block_design.random_seed,Block design,typed_current_input,design.protocol.random_seed,1,explicit semantic crosswalk,current StimulusDesign design_from_dict/design_to_dict contract only
target.block_design.per_block_trial_counts,Block design,derived_not_input,design.protocol.blocks | design.protocol.block_specs[].stimulus_types,2,computed prepared-block output,current StimulusDesign design_from_dict/design_to_dict contract only
target.block_design.per_block_duration_estimates,Block design,not_in_current_design_serializer,,0,no conservative binding to the current StimulusDesign parser/serializer was established,current StimulusDesign design_from_dict/design_to_dict contract only
target.profile_finalization.part_count,"Profile finalization, instructions, and order",not_in_current_design_serializer,,0,no conservative binding to the current StimulusDesign parser/serializer was established,current StimulusDesign design_from_dict/design_to_dict contract only
target.profile_finalization.part_labels,"Profile finalization, instructions, and order",not_in_current_design_serializer,,0,no conservative binding to the current StimulusDesign parser/serializer was established,current StimulusDesign design_from_dict/design_to_dict contract only
target.profile_finalization.part_block_membership,"Profile finalization, instructions, and order",not_in_current_design_serializer,,0,no conservative binding to the current StimulusDesign parser/serializer was established,current StimulusDesign design_from_dict/design_to_dict contract only
target.profile_finalization.instruction_slots_enabled,"Profile finalization, instructions, and order",not_in_current_design_serializer,,0,no conservative binding to the current StimulusDesign parser/serializer was established,current StimulusDesign design_from_dict/design_to_dict contract only
target.profile_finalization.instruction_slot_labels,"Profile finalization, instructions, and order",not_in_current_design_serializer,,0,no conservative binding to the current StimulusDesign parser/serializer was established,current StimulusDesign design_from_dict/design_to_dict contract only
target.profile_finalization.instruction_audio_identity,"Profile finalization, instructions, and order",not_in_current_design_serializer,,0,no conservative binding to the current StimulusDesign parser/serializer was established,current StimulusDesign design_from_dict/design_to_dict contract only
target.profile_finalization.instruction_continue_modes,"Profile finalization, instructions, and order",not_in_current_design_serializer,,0,no conservative binding to the current StimulusDesign parser/serializer was established,current StimulusDesign design_from_dict/design_to_dict contract only
target.profile_finalization.instruction_delay_ms,"Profile finalization, instructions, and order",not_in_current_design_serializer,,0,no conservative binding to the current StimulusDesign parser/serializer was established,current StimulusDesign design_from_dict/design_to_dict contract only
target.profile_finalization.instruction_button_labels,"Profile finalization, instructions, and order",not_in_current_design_serializer,,0,no conservative binding to the current StimulusDesign parser/serializer was established,current StimulusDesign design_from_dict/design_to_dict contract only
target.profile_finalization.participant_order_algorithm,"Profile finalization, instructions, and order",untyped_object_container_only,design.protocol.participant_order_policy,1,algorithm is an untyped key inside participant_order_policy,current StimulusDesign design_from_dict/design_to_dict contract only
target.profile_finalization.participant_order_version,"Profile finalization, instructions, and order",untyped_object_container_only,design.protocol.participant_order_policy,1,version is an untyped key inside participant_order_policy,current StimulusDesign design_from_dict/design_to_dict contract only
target.profile_finalization.participant_order_seed,"Profile finalization, instructions, and order",untyped_object_container_only,design.protocol.participant_order_policy | design.protocol.random_seed,2,policy object plus typed general random seed,current StimulusDesign design_from_dict/design_to_dict contract only
target.profile_finalization.order_preview_count,"Profile finalization, instructions, and order",typed_current_input,design.protocol.participants,1,legacy field name participants is consumed as order-preview count,current StimulusDesign design_from_dict/design_to_dict contract only
target.profile_finalization.profile_finalization_policy,"Profile finalization, instructions, and order",not_in_current_design_serializer,,0,no conservative binding to the current StimulusDesign parser/serializer was established,current StimulusDesign design_from_dict/design_to_dict contract only
target.runtime.response_required_by_trial_type,"Runtime task, response, and hardware",not_in_current_design_serializer,,0,no conservative binding to the current StimulusDesign parser/serializer was established,current StimulusDesign design_from_dict/design_to_dict contract only
target.runtime.expected_response,"Runtime task, response, and hardware",not_in_current_design_serializer,,0,no conservative binding to the current StimulusDesign parser/serializer was established,current StimulusDesign design_from_dict/design_to_dict contract only
target.runtime.response_rule,"Runtime task, response, and hardware",not_in_current_design_serializer,,0,no conservative binding to the current StimulusDesign parser/serializer was established,current StimulusDesign design_from_dict/design_to_dict contract only
target.runtime.target_role,"Runtime task, response, and hardware",not_in_current_design_serializer,,0,no conservative binding to the current StimulusDesign parser/serializer was established,current StimulusDesign design_from_dict/design_to_dict contract only
target.runtime.response_mode,"Runtime task, response, and hardware",not_in_current_design_serializer,,0,no conservative binding to the current StimulusDesign parser/serializer was established,current StimulusDesign design_from_dict/design_to_dict contract only
target.runtime.response_choice_set,"Runtime task, response, and hardware",not_in_current_design_serializer,,0,no conservative binding to the current StimulusDesign parser/serializer was established,current StimulusDesign design_from_dict/design_to_dict contract only
target.runtime.correct_response,"Runtime task, response, and hardware",not_in_current_design_serializer,,0,no conservative binding to the current StimulusDesign parser/serializer was established,current StimulusDesign design_from_dict/design_to_dict contract only
target.runtime.response_scoring_policy,"Runtime task, response, and hardware",not_in_current_design_serializer,,0,no conservative binding to the current StimulusDesign parser/serializer was established,current StimulusDesign design_from_dict/design_to_dict contract only
target.runtime.response_capture_device,"Runtime task, response, and hardware",not_in_current_design_serializer,,0,no conservative binding to the current StimulusDesign parser/serializer was established,current StimulusDesign design_from_dict/design_to_dict contract only
target.runtime.response_input_modality,"Runtime task, response, and hardware",not_in_current_design_serializer,,0,no conservative binding to the current StimulusDesign parser/serializer was established,current StimulusDesign design_from_dict/design_to_dict contract only
target.runtime.voice_key_enabled,"Runtime task, response, and hardware",not_in_current_design_serializer,,0,no conservative binding to the current StimulusDesign parser/serializer was established,current StimulusDesign design_from_dict/design_to_dict contract only
target.runtime.voice_key_response_label,"Runtime task, response, and hardware",not_in_current_design_serializer,,0,no conservative binding to the current StimulusDesign parser/serializer was established,current StimulusDesign design_from_dict/design_to_dict contract only
target.runtime.voice_key_threshold,"Runtime task, response, and hardware",not_in_current_design_serializer,,0,no conservative binding to the current StimulusDesign parser/serializer was established,current StimulusDesign design_from_dict/design_to_dict contract only
target.runtime.voice_key_latency_correction_ms,"Runtime task, response, and hardware",not_in_current_design_serializer,,0,no conservative binding to the current StimulusDesign parser/serializer was established,current StimulusDesign design_from_dict/design_to_dict contract only
target.runtime.response_window_anchor,"Runtime task, response, and hardware",not_in_current_design_serializer,,0,no conservative binding to the current StimulusDesign parser/serializer was established,current StimulusDesign design_from_dict/design_to_dict contract only
target.runtime.response_window_min_ms,"Runtime task, response, and hardware",not_in_current_design_serializer,,0,no conservative binding to the current StimulusDesign parser/serializer was established,current StimulusDesign design_from_dict/design_to_dict contract only
target.runtime.response_window_max_ms,"Runtime task, response, and hardware",not_in_current_design_serializer,,0,no conservative binding to the current StimulusDesign parser/serializer was established,current StimulusDesign design_from_dict/design_to_dict contract only
target.runtime.online_timeout_ms,"Runtime task, response, and hardware",not_in_current_design_serializer,,0,no conservative binding to the current StimulusDesign parser/serializer was established,current StimulusDesign design_from_dict/design_to_dict contract only
target.runtime.correctness_rule,"Runtime task, response, and hardware",not_in_current_design_serializer,,0,no conservative binding to the current StimulusDesign parser/serializer was established,current StimulusDesign design_from_dict/design_to_dict contract only
target.runtime.audio_device_driver_route,"Runtime task, response, and hardware",not_in_current_design_serializer,,0,no conservative binding to the current StimulusDesign parser/serializer was established,current StimulusDesign design_from_dict/design_to_dict contract only
target.runtime.output_channel_mapping,"Runtime task, response, and hardware",not_in_current_design_serializer,,0,no conservative binding to the current StimulusDesign parser/serializer was established,current StimulusDesign design_from_dict/design_to_dict contract only
target.runtime.playback_output_12_percent,"Runtime task, response, and hardware",not_in_current_design_serializer,,0,no conservative binding to the current StimulusDesign parser/serializer was established,current StimulusDesign design_from_dict/design_to_dict contract only
target.runtime.playback_output_34_percent,"Runtime task, response, and hardware",not_in_current_design_serializer,,0,no conservative binding to the current StimulusDesign parser/serializer was established,current StimulusDesign design_from_dict/design_to_dict contract only
target.analysis.primary_outcome,Analysis policy and PPS visualization,not_in_current_design_serializer,,0,no conservative binding to the current StimulusDesign parser/serializer was established,current StimulusDesign design_from_dict/design_to_dict contract only
target.analysis.primary_analysis_inclusion_rule,Analysis policy and PPS visualization,not_in_current_design_serializer,,0,no conservative binding to the current StimulusDesign parser/serializer was established,current StimulusDesign design_from_dict/design_to_dict contract only
target.analysis.topup_analysis_handling,Analysis policy and PPS visualization,not_in_current_design_serializer,,0,no conservative binding to the current StimulusDesign parser/serializer was established,current StimulusDesign design_from_dict/design_to_dict contract only
target.analysis.aggregation_mode,Analysis policy and PPS visualization,not_in_current_design_serializer,,0,no conservative binding to the current StimulusDesign parser/serializer was established,current StimulusDesign design_from_dict/design_to_dict contract only
target.analysis.grouping_factors,Analysis policy and PPS visualization,not_in_current_design_serializer,,0,no conservative binding to the current StimulusDesign parser/serializer was established,current StimulusDesign design_from_dict/design_to_dict contract only
target.analysis.baseline_correction_method,Analysis policy and PPS visualization,not_in_current_design_serializer,,0,no conservative binding to the current StimulusDesign parser/serializer was established,current StimulusDesign design_from_dict/design_to_dict contract only
target.analysis.fit_metric_fallback,Analysis policy and PPS visualization,not_in_current_design_serializer,,0,no conservative binding to the current StimulusDesign parser/serializer was established,current StimulusDesign design_from_dict/design_to_dict contract only
target.analysis.candidate_models,Analysis policy and PPS visualization,not_in_current_design_serializer,,0,no conservative binding to the current StimulusDesign parser/serializer was established,current StimulusDesign design_from_dict/design_to_dict contract only
target.analysis.model_selection_criterion,Analysis policy and PPS visualization,not_in_current_design_serializer,,0,no conservative binding to the current StimulusDesign parser/serializer was established,current StimulusDesign design_from_dict/design_to_dict contract only
target.analysis.min_points_linear_log,Analysis policy and PPS visualization,not_in_current_design_serializer,,0,no conservative binding to the current StimulusDesign parser/serializer was established,current StimulusDesign design_from_dict/design_to_dict contract only
target.analysis.min_points_sigmoid,Analysis policy and PPS visualization,not_in_current_design_serializer,,0,no conservative binding to the current StimulusDesign parser/serializer was established,current StimulusDesign design_from_dict/design_to_dict contract only
target.analysis.sigmoid_boundary_definition,Analysis policy and PPS visualization,not_in_current_design_serializer,,0,no conservative binding to the current StimulusDesign parser/serializer was established,current StimulusDesign design_from_dict/design_to_dict contract only
target.analysis.analysis_outlier_rule,Analysis policy and PPS visualization,not_in_current_design_serializer,,0,no conservative binding to the current StimulusDesign parser/serializer was established,current StimulusDesign design_from_dict/design_to_dict contract only
target.analysis.alpha,Analysis policy and PPS visualization,not_in_current_design_serializer,,0,no conservative binding to the current StimulusDesign parser/serializer was established,current StimulusDesign design_from_dict/design_to_dict contract only
target.analysis.nuisance_terms,Analysis policy and PPS visualization,not_in_current_design_serializer,,0,no conservative binding to the current StimulusDesign parser/serializer was established,current StimulusDesign design_from_dict/design_to_dict contract only
target.analysis.proximity_coding,Analysis policy and PPS visualization,not_in_current_design_serializer,,0,no conservative binding to the current StimulusDesign parser/serializer was established,current StimulusDesign design_from_dict/design_to_dict contract only
target.analysis.quality_gate_criteria,Analysis policy and PPS visualization,not_in_current_design_serializer,,0,no conservative binding to the current StimulusDesign parser/serializer was established,current StimulusDesign design_from_dict/design_to_dict contract only
target.analysis.uncertainty_metric,Analysis policy and PPS visualization,not_in_current_design_serializer,,0,no conservative binding to the current StimulusDesign parser/serializer was established,current StimulusDesign design_from_dict/design_to_dict contract only
target.analysis.pps_visualization_forms,Analysis policy and PPS visualization,not_in_current_design_serializer,,0,no conservative binding to the current StimulusDesign parser/serializer was established,current StimulusDesign design_from_dict/design_to_dict contract only
